601ac115be37ce2ead437551	511111019862	test brand @1612366101024
601c5460be37ce2ead43755f	511111519928	Starbucks
601ac142be37ce2ead43755d	511111819905	test brand @1612366146176
601ac142be37ce2ead43755a	511111519874	test brand @1612366146051
601ac142be37ce2ead43755e	511111319917	test brand @1612366146827
601ac142be37ce2ead43755b	511111719885	test brand @1612366146091
601ac142be37ce2ead43755c	511111219897	test brand @1612366146133
5cdad0f5166eb33eb7ce0faa	511111104810	J.L. Kraft
5ab15636e4b0be0a89bb0b07	511111504412	Campbell's Home Style
5c408e8bcd244a1fdb47aee7	511111504788	test
5f4bf556be37ce0b4491554d	511111516354	test brand @1598813526777
57c08106e4b0718ff5fcb02c	511111102540	MorningStar
588ba07be4b02187f85cdadd	511111201076	Calumet
5d6413156d5f3b23d1bc790a	511111205012	Entertainment Weekly
585a9611e4b03e62d1ce0e74	511111801801	AUNT JEMIMA Syrup
57e5820ce4b0ac389136a311	511111202233	Molson Canadian
5fb6adb8be37ce522e165cb8	511111817376	Lotrimin®
5f358338be37ce443bf9d55a	511111515319	test brand @1597342520277
5fb28549be37ce522e165cb5	511111317364	test brand @1605535049181
592486bfe410d61fcea3d139	511111300700	ST. IVES
5c4699f387ff3577e203ea29	511111305125	Chris Image Test
5da6071ea60b87376833e34d	511111005650	Alka-Seltzer®
57ebc011e4b0ac389136a335	511111802129	Jack Daniel's
5332f5fee4b03c9a25efd0bd	511111303947	Bottled Starbucks
5332fa7ce4b03c9a25efd22e	511111802914	Full Throttle
5e9f18bfbe37ce3e45b6a77f	511111914549	PopUp Brand A
592486bee410d61fcea3d133	511111400769	MAGNUM Ice Cream
5d66d71fa3a018093ab34728	511111105329	Elegant Homes Magazine
5f493e72be37ce64d0ae36c6	511111316114	test brand @1598635634882
5f4936ddbe37ce52f8314fd9	511111315957	test brand @1598633693011
57ebc2e7e4b0ac389136a34b	511111201915	Taco Bell
5fd2a0aebe37ce49eb72c0ee	511111518112	test brand @1607639214411
5dc03596a60b873d6b0666cd	511111506249	Frosted Cheerios™
5f494c5f04db711dd8fe87e6	511111916161	test brand @1598639199674
5332f772e4b03c9a25efd125	511111103653	Gold Medal
59dfaad1e4b0a56a2fa69abc	511111100621	GODIVA Instant Pudding Mix
5daf33e71dda2c3e1416ae93	511111305910	LÄRABAR™
5f35a0babe37ce6853cff1ff	511111115366	test brand @1597350074333
5fd29590be37ce38bbbefb28	511111718079	test brand @1607636368717
5fd3acb6be37ce0d9386bb40	511111818182	test brand @1607707830095
5bd200a6965c7d66d92731ea	511111504627	Cottonelle
585a9675e4b03e62d1ce0e7f	511111301691	Izze
5887a17ee4b02187f85cdad3	511111101178	Mio
5332f765e4b03c9a25efd11f	511111503699	Glaceau vitaminwater
5d66d94d6d5f3b6188d4f04b	511111505365	Magnolia Journal Magazine
5d66d2fd6d5f3b6188d4f045	511111405252	American Patchwork & Quilting Magazine
5332f5f3e4b03c9a25efd0ad	511111104025	Gree Giant
5fa1c567be37ce402c4618f1	511111317203	test brand @1604437351617
5a5d1e76e4b0db471c2d0425	511111900337	Herman Joseph's
55b630d9e4b0d8e685c1421f	511111302629	Sundrop
5d602d9d6d5f3b23d1bc7907	511111704935	Kevita Sparkling Drinks
57ebbf75e4b0ac389136a32f	511111902188	Delimex
5d2f68d96d5f3b107e208da4	511111004844	THE RIGHT TO SHOWER
592486bde410d61fcea3d124	511111100904	CARESS
5f16f536be37ce2b30061e27	511111115083	test brand @1595340086044
5332f6ede4b03c9a25efd0e5	511111603870	Blue Bunny
5332fa05e4b03c9a25efd1d6	511111103141	Krave
5f3d6f44be37ce4ddbb1bb3e	511111315513	test brand @1597861700968
5c76d3cd95144c5375687b4f	511111106876	DASH-2249 Brand1
5f3ff223be37ce1c81aa1e11	511111115649	test brand @1598026275245
5a8c36dbe4b0ccf165fac9e9	511111204206	Swanson
55b630e1e4b0d8e685c14220	511111102618	A&W Rootbeer
5f3ff222be37ce1c81aa1e0f	511111415626	test brand @1598026274668
5c76db7295144c5375687b50	511111306887	DASH-2249 Brand2
5da609991dda2c3e1416ae90	511111805854	ONE A DAY® WOMENS
5afda575e4b0c11cfecd49f9	511111104537	Kettle Brand
5ab154dde4b0915382df761f	511111404392	Campbell's Soup at Hand
5f3e9195be37ce5a0e01b960	511111615583	test brand @1597936021514
5fb82faebe37ce522e165ce9	511111117841	Rainbo
57e58157e4b0ac389136a30a	511111602279	Crispin Cider Company
5fd3acb6be37ce0d9386bb41	511111318194	test brand @1607707830137
5e90a545ee7f2d70340f40d7	511111114413	Claritin®
5daf5e94a60b87376833e362	511111706045	Cookie Crisp™
5fb2852cbe37ce522e165caf	511111717317	test brand @1605535020441
5332f743e4b03c9a25efd109	511111903789	Keebler
5fa98944be37ce239d107100	511111417262	test brand @1604946244750
5afda65de4b0c11cfecd49fb	511111004561	SNYDERS OF HANOVER
5332fa7ee4b03c9a25efd230	511111702894	Powerade
57ebbfafe4b0ac389136a332	511111002154	Good Seasons
5f493682be37ce52f8314fce	511111115922	test brand @1598633602279
57ace91ae4b057c992a316ac	511111602552	Pizza Pizza Pizza
5a5d2431e4b06ba572cf24a1	511111200246	Revolver
57e5810ce4b0ac389136a307	511111802280	Keystone Light
5332f5f2e4b03c9a25efd0ab	511111604037	Our Family
5db9f9cca60b87376833e36b	511111806226	Fruit Roll-Ups™
5fd2a0c0be37ce49eb72c0f4	511111118169	test brand @1607639232356
5aa1b41de4b086c8aad5e096	511111304265	MOMOFUKU Sauce
592486bee410d61fcea3d136	511111500735	POPSICLE
5332f603e4b03c9a25efd0be	511111103936	Mug Root Beer
5afda699e4b0c11cfecd49fd	511111704584	Tom's
5fc54c0bbe37ce1911dbb3b5	511111017899	test brand @1606765579244
5f358338be37ce443bf9d55b	511111715320	test brand @1597342520305
592486bfe410d61fcea3d137	511111000723	PROMISE
5a4d2295e4b0d5c3fd86b679	511111200529	OFF THE EATEN PATH
5f628216be37ce78e6e2efaf	511111116684	test brand @1600291350125
5332f9fce4b03c9a25efd1cd	511111003199	Honey Smacks
5f9770bfbe37ce03d08a2d85	511111117070	test brand @1603760319758
57ebc293e4b0ac389136a345	511111301974	Nancy's
5f513e9ebe37ce21f1287c00	511111816492	test brand @1599159966676
5332f7b8e4b03c9a25efd145	511111903413	Stella Artois
5ab153fee4b0915382df761e	511111704379	Campbell's Chunky Maxx
5aa1b5b9e4b05a92fc9b1631	511111004288	FOOD NETWORK KITCHEN INSPIRATIONS
5f3e9172be37ce5a0e01b954	511111215547	test brand @1597935986390
5f4936ddbe37ce52f8314fdc	511111015970	test brand @1598633693744
57c0829ce4b0718ff5fcb03a	511111002437	Victoria
5a4d244ae4b0bcb2c74ea77f	511111500506	SABRITAS
57ebbfa1e4b0ac389136a330	511111702177	Gevalia
5f43faabbe37ce3ef3fd3715	511111115717	test brand @1598290603501
59d550f4e4b090070b009534	511111600633	O, That's Good!
585a9645e4b03e62d1ce0e79	511111801757	Chester's
585a968ee4b03e62d1ce0e82	511111101666	Miss Vickies
5d2f6b82a3a01810a2174aed	511111704867	SIR KENSINGTON'S
5fa98944be37ce239d1070fe	511111217251	test brand @1604946244133
5332f9f2e4b03c9a25efd1c8	511111803232	Crispix
55a41b55e4b0d0a65b3692ef	511111502708	NessAlla
5887a372e4b02187f85cdad9	511111001119	Doritos
57ed0697e4b072ac2294b8f2	511111101895	A.1.
55b630c2e4b0d8e685c1421d	511111002642	RC Cola
5332f605e4b03c9a25efd0c0	511111403913	Amp
5f43faabbe37ce3ef3fd3716	511111315728	test brand @1598290603587
5d66de49a3a018093ab3472a	511111505433	Looza Fruit Juices
5da605dc1dda2c3e1416ae83	511111005582	Aleve®
5e3876bfee7f2d697e835bd3	511111613961	Soft-Sheen Carson - Hair Color
5fa98945be37ce239d107104	511111217305	test brand @1604946245498
57ebc11fe4b0ac389136a33a	511111802075	Kraft Caramels
5f494c5f04db711dd8fe87e5	511111716150	test brand @1598639199117
5bd201a990fa074576779a19	511111104698	Pull-Ups
5fb2852cbe37ce522e165cb1	511111417330	test brand @1605535020629
5332f60ce4b03c9a25efd0c3	511111303893	Brisk Iced Tea
5a7e0604e4b0aedb3b84afd3	511111504139	Chris Brand XYZ
5332f9f2e4b03c9a25efd1c7	511111003243	All-Bran
57ebbd44e4b0ac389136a32d	511111002208	Bull's Eye
592486bee410d61fcea3d12f	511111600794	KLONDIKE
592486bee410d61fcea3d12a	511111600848	FRUTTARE
5da60576a60b87376833e349	511111305569	AFRIN® NO DRIP PUMP MISTS
5332f5f5e4b03c9a25efd0b0	511111404002	Betty Crocker
580dff9fe4b0f32b2de21382	511111701859	Knox Gelatin
5da608131dda2c3e1416ae8a	511111505716	Claritin® ADULTS
588b9f8fe4b02187f85cdada	511111501107	Planters
592486bde410d61fcea3d127	511111800873	DEGREE
5a4d23dae4b0bcb2c74ea77e	511111000518	Caleb's Kola
5d66dc946d5f3b6188d4f04e	511111305408	Lemon Lemon Sparkling Drinks
592486bfe410d61fcea3d140	511111300656	VASELINE
5d658ff3a3a018514994f432	511111005216	Cooking Light Magazine
5fcda494be37ce688e08b0cc	511111817932	test brand @1607312532178
5ef4f667be37ce2efae842ea	511111715047	Pinesol
55b6308ee4b0d8e685c1421a	511111202677	Snapple
5332f760e4b03c9a25efd11b	511111603719	Honest Ade
5f16f536be37ce2b30061e29	511111215103	test brand @1595340086791
5d642dbfa3a018514994f42e	511111005148	Shape
5e3875d2ee7f2d697e835bce	511111013914	Essie
5332f9f3e4b03c9a25efd1c9	511111303220	Pop-tarts
5c45f91b87ff3552f950f027	511111204923	Brand1
58861c7d4e8d0d20bc42c4d6	511111601449	Jell-O Refrigerated Pudding & Gelatin
55b630fde4b0d8e685c14223	511111502586	Diet Dr. Pepper
5ab158e8e4b0915382df7622	511111404446	Campbell's Well Yes!
5fcda494be37ce688e08b0cf	511111717966	test brand @1607312532304
5f3ff222be37ce1c81aa1e0e	511111215615	test brand @1598026274643
5f772952be37ce6b592e90d2	511111816775	test brand @1601644881995
5fa1c568be37ce402c4618f6	511111717249	test brand @1604437352935
5fb82236be37ce522e165cdf	511111217749	Beef Steak
5a02188be4b00d6a5ccb394d	511111300588	POND'S
5e387617ee7f2d697e835bd0	511111713937	L’Oreal Paris - Cosmetics
57ebc2ace4b0ac389136a346	511111801962	P3
5da6094ca60b87376833e357	511111605829	ONE A DAY® MENS
5f16f536be37ce2b30061e28	511111615095	test brand @1595340086078
5f872b84be37ce66db5dd97a	511111917045	test brand @1602694020787
585a9726e4b03e62d1ce0e95	511111501497	Tazo
5f7ba645be37ce23081c528d	511111516910	test brand @1601939013649
5332f7d3e4b03c9a25efd14e	511111803393	Cheez-It
5f504acabe37ce0b793c9418	511111316480	test brand @1599097546963
5afda3a8e4b03bf01c2a2967	511111604525	Snack Factory
57c08294e4b0718ff5fcb039	511111202448	Jupiler
5332f77ce4b03c9a25efd12a	511111703617	Gardetto's
5332f9ede4b03c9a25efd1c2	511111403289	Danimals
58861c7e4e8d0d20bc42c4e2	511111201403	Miller 64
592486bee410d61fcea3d12d	511111700814	I CAN'T BELIEVE IT'S NOT BUTTER!
5da608dfa60b87376833e354	511111805786	ONE A DAY® ENERGY 
5ffe3a87be37ce7aab2d4fd9	511111419532	test brand @1610496647142
5ffe3a87be37ce7aab2d4fdb	511111619543	test brand @1610496647311
5ffe3a86be37ce7aab2d4fd7	511111719519	test brand @1610496646289
5fff3a7abe37ce2bb793010e	511111119555	test brand @1610562170795
5ffe3a86be37ce7aab2d4fd8	511111919520	test brand @1610496646345
5ffe3a86be37ce7aab2d4fd6	511111219507	test brand @1610496646232
5ffe35eabe37ce5e01754c47	511111219385	test brand @1610495466218
5ffe347ebe37ce5e01754c3f	511111119326	test brand @1610495102462
5ffe35eabe37ce5e01754c48	511111719397	test brand @1610495466250
57ebc28be4b0ac389136a344	511111501985	Miracle Whip
58b59989e4b0857c2ddb7255	511111400998	Redd's Wicked
5f403232be37ce5f78d9ed19	511111015697	test brand @1598042674173
5f493e72be37ce64d0ae36c4	511111216094	test brand @1598635634796
5a5d257fe4b06ba572cf24a3	511111300212	Sheaf Stout
585a963ce4b03e62d1ce0e78	511111001768	Cheetos
5fb82a68be37ce522e165ce6	511111217817	Nature's Harvest
5d6415d5a3a018514994f429	511111605058	Health Magazine
5332fa7ae4b03c9a25efd229	511111402961	Fanta
5f494c5e04db711dd8fe87e4	511111216148	test brand @1598639198570
5f772951be37ce6b592e90d0	511111316763	test brand @1601644881253
5f504ac2be37ce0b793c9415	511111616467	test brand @1599097538609
5bd201cc965c7d66d92731ee	511111704706	Scott
5fd2a0bfbe37ce49eb72c0f1	511111218135	test brand @1607639231674
5daf3507a60b87376833e35c	511111505921	EPIC™
58861c7e4e8d0d20bc42c4de	511111901426	Grolsch Lager
5f9770c0be37ce03d08a2d88	511111417101	test brand @1603760320407
5a5e32c3e4b06ba572cf24aa	511111400042	Magnum
5f99f71bbe37ce13da9eade9	511111817147	test brand @1603925787411
5ffe35eabe37ce5e01754c4a	511111819417	test brand @1610495466861
5ffe3682be37ce5e01754c55	511111519430	test brand @1610495618015
5ffe347ebe37ce5e01754c41	511111819349	test brand @1610495102526
5ffe347ebe37ce5e01754c40	511111619338	test brand @1610495102491
5ffe3480be37ce5e01754c44	511111519362	test brand @1610495104441
5ffe35eabe37ce5e01754c46	511111019374	test brand @1610495466174
5ffe35f9be37ce5e01754c4c	511111019428	test brand @1610495481412
5ffe347fbe37ce5e01754c42	511111319351	test brand @1610495103255
5ffe35eabe37ce5e01754c49	511111319405	test brand @1610495466285
5ff768e3be37ce1e961f32a0	511111118886	test brand @1610049763071
5ff768d4be37ce1e961f329b	511111718840	test brand @1610049748118
5ff768d4be37ce1e961f329d	511111418863	test brand @1610049748181
5ff768d4be37ce1e961f329c	511111218852	test brand @1610049748154
5ff768d4be37ce1e961f329e	511111918875	test brand @1610049748724
5ff77857be37ce58ce50083a	511111618898	test brand @1610053719706
5fd7f2b3be37ce733975586c	511111518327	test brand @1607987891932
5fd7f2b3be37ce733975586b	511111318316	test brand @1607987891893
5fd7f2b3be37ce733975586a	511111818304	test brand @1607987891852
5fd7f2b8be37ce733975586f	511111218340	test brand @1607987896065
5fd7f2b4be37ce733975586d	511111018339	test brand @1607987892540
5fd3acb6be37ce0d9386bb3f	511111618171	test brand @1607707829961
5332fa7be4b03c9a25efd22b	511111702948	Diet Cherry Coke
58861c7e4e8d0d20bc42c4e0	511111701415	Killians
5332f775e4b03c9a25efd127	511111403630	Cheerios
581ce962e4b058c71f74c443	511111301813	.
5332fa08e4b03c9a25efd1d8	511111903130	Frosted Flakes
5f3d6f44be37ce4ddbb1bb3b	511111715481	test brand @1597861700880
5f628235be37ce78e6e2efb1	511111616696	test brand @1600291381675
58b5988ce4b0857c2ddb7252	511111301028	Henry's Hard Sparkling
5f3ff200be37ce1c81aa1e0b	511111115595	test brand @1598026240846
57ebc125e4b0ac389136a33b	511111302063	Kraft Macaroni & Cheese
5332f7c8e4b03c9a25efd148	511111403401	Cascadian Farm
57ebc2c8e4b0ac389136a349	511111901938	Shake N' Bake
588ba032e4b02187f85cdadc	511111401087	HP Sauce
5f493665be37ce52f8314fca	511111815891	test brand @1598633573683
5dc0773ea60b873d6b0666ce	511111206262	Drumstick™ Cereal
5da60649a60b87376833e34b	511111105602	ALEVE® D SINUS & COLD
580dff84e4b0f32b2de2137f	511111601883	Cheez Whiz
5fcff305be37ce6d53dfc688	511111818021	test brand @1607463685522
5d66961cee7f2d201c7281cc	511111812449	Test brand1
57d957f2e4b0ac389136a2b4	511111502371	Cool Whip
5daf59751dda2c3e1416ae99	511111006022	Trix™
5da60859a60b87376833e352	511111405740	Flintstones™ Vitamins
5fb81935be37ce522e165cda	511111217695	Absolut® Grapefruit
5fb6d726be37ce522e165cc0	511111317432	Altos®
5fb800f1be37ce522e165ccb	511111417545	Del Maguey® Vida
5fb80b63be37ce522e165cd1	511111917601	Jameson® Black Barrel 
5fb808a1be37ce522e165ccf	511111817581	Jameson® 
5fb7e62dbe37ce522e165cc3	511111217466	Monkey 47®
5fb80d7cbe37ce522e165cd2	511111417613	Malibu® Original
5fb7e962be37ce522e165cc6	511111417491	Lillet®
5d642de76d5f3b23d1bc7911	511111705161	Traditional Home
57c0827de4b0718ff5fcb037	511111902461	Antarctica
5f3d6f44be37ce4ddbb1bb3d	511111815501	test brand @1597861700940
5fa1c567be37ce402c4618f0	511111717195	test brand @1604437351567
5332fa03e4b03c9a25efd1d5	511111603153	Fruit Flavored Snacks
5a8c3577e4b07f0a2dac8945	511111404163	Kelsen
5da60932a60b87376833e356	511111405818	ONE A DAY® KIDS AND TEENS
5da606581dda2c3e1416ae85	511111605614	ALEVE® DIRECT THERAPY PAIN RELIEF DEVICES
5a5d1ba9e4b0db471c2d0422	511111600404	Colorado Native
585a9714e4b03e62d1ce0e92	511111801528	SoBe
57ebc026e4b0ac389136a338	511111502098	Knudsen
5da608a8a60b87376833e353	511111105763	MiraLAX® Laxatives
5fcda47cbe37ce688e08b0c3	511111317920	test brand @1607312508610
5d66dda06d5f3b6188d4f050	511111005421	Pillsbury Magazine
585a9637e4b03e62d1ce0e77	511111501770	Cap'n Crunch
5332fa79e4b03c9a25efd226	511111602996	Mello Yello
5fb82359be37ce522e165ce1	511111917762	Mrs Baird's 
592486bfe410d61fcea3d13f	511111500667	TRESEMME
552ecca1e4b02ff29f99b215	511111202721	Top Care
5a5e3615e4b06ba572cf24ab	511111700029	PURE LEAF Iced Tea Beverages
5e5ff1f7ee7f2d0b35b2a18e	511111414049	ONE A DAY® KIDS
585a967fe4b03e62d1ce0e80	511111801689	Lay's Kettle Cooked
5f513ea1be37ce21f1287c02	511111416500	test brand @1599159968998
5d66dd526d5f3b6188d4f04f	511111805410	LIFEWTR
5d6412f86d5f3b23d1bc7909	511111804994	Eating Well Magazine
5332f608e4b03c9a25efd0c1	511111903901	Sierra Mist
5c49d161f0276e7719673719	511111904731	SIMILAC
5da60843a60b87376833e351	511111205739	Coricidin® HBP
5f7ba648be37ce23081c528e	511111716921	test brand @1601939016290
5a5d29fde4b0db471c2d0433	511111400110	Badedas
54594387e4b0bfcb1e864083	511111902744	Shurfine
585a96d2e4b03e62d1ce0e89	511111001607	Pepsi Diet
5332f9fee4b03c9a25efd1d0	511111803164	Apple Jacks/Cinnamon Jacks
5332fa73e4b03c9a25efd21c	511111703051	Diet Coke
5fa98944be37ce239d107103	511111617297	test brand @1604946244876
5332f7afe4b03c9a25efd13d	511111203483	Shock Top
5d540e65a3a018514994f41f	511111404880	Benihana Frozen Entrees
5daf46261dda2c3e1416ae96	511111905967	Mountain High™
585a972de4b03e62d1ce0e96	511111001485	Tostitos
5f9770bfbe37ce03d08a2d86	511111317081	test brand @1603760319788
580e015be4b0f32b2de21385	511111501824	Kraft BBQ Sauce
5f5900d4be37ce21f1287c11	511111516569	Gerber Baby Food
5a8c33f3e4b07f0a2dac8943	511111504139	Pace
5ab1589ae4b0915382df7621	511111204435	Campbell's Slow Kettle
5afda22ee4b03bf01c2a2965	511111304494	Archway
588b9ff4e4b02187f85cdadb	511111901099	Kraft Salad Dressing
5ec2dde7be37ce5234ec36bb	511111314653	Bayer® Aspirin
5ff78071be37ce6a424ca0e9	511111818977	test brand @1610055793449
5ff78071be37ce6a424ca0e8	511111318965	test brand @1610055793411
5ff78071be37ce6a424ca0ea	511111018988	test brand @1610055793500
5ff78072be37ce6a424ca0ec	511111719007	test brand @1610055794196
5ff78071be37ce6a424ca0eb	511111518990	test brand @1610055793537
5ff789c5be37ce786ba0f6a3	511111219019	test brand @1610058181548
5ff77857be37ce58ce50083c	511111718918	test brand @1610053719944
5ff77858be37ce58ce50083d	511111918929	test brand @1610053719998
5ff78070be37ce6a424ca0e6	511111118954	test brand @1610055792794
5ff77857be37ce58ce50083b	511111218906	test brand @1610053719869
5ff77859be37ce58ce500840	511111618942	test brand @1610053721248
5ff77859be37ce58ce50083e	511111418931	test brand @1610053721033
5bd200c690fa074576779a16	511111004639	Depend
5fdce9eabe37ce5fa8ba59db	511111318521	test brand @1608313322283
5fdce9e9be37ce5fa8ba59da	511111118510	test brand @1608313321374
5fdce9e9be37ce5fa8ba59d7	511111518488	test brand @1608313321191
5fdce9e9be37ce5fa8ba59d9	511111618508	test brand @1608313321301
5fdce9e9be37ce5fa8ba59d8	511111018490	test brand @1608313321222
5daf35a8a60b87376833e35d	511111005933	Nature Valley™
5f4936ddbe37ce52f8314fdd	511111215981	test brand @1598633693767
5f4936ddbe37ce52f8314fde	511111715993	test brand @1598633693791
5fb6b82dbe37ce522e165cbc	511111117407	Anzio 
5d641306a3a018514994f427	511111705000	Family Circle
55b630f5e4b0d8e685c14222	511111002598	Diet Rite
5db780a6a60b87376833e369	511111806172	Hershey's Whipped Topping
5f4936ddbe37ce52f8314fdb	511111515968	test brand @1598633693720
5332f5f2e4b03c9a25efd0a9	511111804048	Eggo
5fb2852cbe37ce522e165cb2	511111617341	test brand @1605535020671
592486bee410d61fcea3d12e	511111200802	IMPERIAL
57c082a6e4b0718ff5fcb03b	511111502425	Modelo Especial
5da606ae1dda2c3e1416ae86	511111305637	ALEVE® PM NIGHT TIME
5f99f71bbe37ce13da9eade7	511111117124	test brand @1603925787294
5a8c5e74e4b07f0a2dac8947	511111904229	ApotheCARE Essentials
57e5817ae4b0ac389136a30c	511111902256	Henry's Hard Soda
5ab15392e4b0915382df761d	511111204367	Campbell's Chunky
5e5ff265ee7f2d0b35b2a18f	511111914051	ONE A DAY® WOMENS
5f16f536be37ce2b30061e25	511111415060	test brand @1595340085980
5332fb83e4b03c9a25efd24a	511111502869	Town House
5ef38672be37ce02da95b72f	511111515036	Kingsford Charcoal
5daf6baaa60b87376833e364	511111206101	Yoplait® Go-GURT®
5a4d1f06e4b0d5c3fd86b678	511111700531	FRITO-LAY
57ebc003e4b0ac389136a333	511111502142	Grey Poupon
5f441280be37ce5dbe9b7c80	511111915799	test brand @1598296704763
5ec2dda8be37ce5234ec36ba	511111814641	Berroca®
58861c7f4e8d0d20bc42c4f9	511111301301	Propel
58b59a68e4b0857c2ddb7257	511111700975	Milwaukee's Best Ice
5332f753e4b03c9a25efd10f	511111703778	NOS
5a4d250ce4b0d5c3fd86b67b	511111400486	SPITZ
5d9d0270a60b87376833e347	511111405535	IMAGINE
5d658fd1a3a018514994f431	511111905196	BETTER HOMES AND GARDENS Special Edition Magazine - Food 
5f358338be37ce443bf9d55c	511111215332	test brand @1597342520969
58b599fee4b0857c2ddb7256	511111900986	Steel Reserve Alloy Series
5a5d278de4b0db471c2d042f	511111800156	Tusk & Grain
5332f7eee4b03c9a25efd15e	511111103370	Redd's Apple Ale
5afda18ee4b0c11cfecd49f5	511111104469	Lance
5a8c363ce4b0ccf165fac9e7	511111104186	Pacific Foods
5dd557081dda2c1971449a7a	511111606376	Yoplait® Dunkers
5332f774e4b03c9a25efd126	511111603641	Fiber One
5f4802bdbe37ce0c8303373f	511111415855	test brand @1598554813705
5a021703e4b00efe02b02a58	511111800590	LIPTON Soup
5dc2da1fa60b873d6b0666d3	511111406341	Minions™ Cereal
5d2f69a6a3a01810a2174aec	511111504856	LOVE HOME AND PLANET
5f208dafbe37ce7958c59522	511111015185	test brand @1595968943012
5f2336cfbe37ce7958c5952c	511111715276	OneTouch®
5f3e9172be37ce5a0e01b953	511111015536	test brand @1597935986247
55a41b88e4b0d0a65b3692f0	511111902690	Kraft
5daf70071dda2c3e1416ae9e	511111906124	Basic 4™
5a8c31bfe4b0ccf165fac9e4	511111804116	Wolfgang Puck
5f7760f0be37ce1d26d7b7a5	511111516842	test brand @1601659120828
5f99f71bbe37ce13da9eadea	511111317159	test brand @1603925787441
5a8c378ce4b07f0a2dac8946	511111704218	The Soulfull Project
5f493682be37ce52f8314fd0	511111815945	test brand @1598633602924
580dff97e4b0f32b2de21381	511111901860	Dream Whip
5f38578fbe37ce5178517ad7	511111815457	test brand @1597527951461
5fd2a0bfbe37ce49eb72c0f0	511111718123	test brand @1607639231623
5332fa6be4b03c9a25efd217	511111903062	Brew Pub
5a8f64c6e4b0a2e2844f5695	511111104254	Kjeldsen
5f493dabbe37ce64d0ae36bd	511111316046	test brand @1598635435896
57ebc134e4b0ac389136a33d	511111602040	Kraft Cheese
5f5bc4f1be37ce17125ac0ea	511111316602	test brand @1599849713772
5fd29591be37ce38bbbefb2a	511111418092	test brand @1607636369405
5f77274bbe37ce6b592e90bc	511111916727	test brand @1601644363827
5a8c35dde4b0ccf165fac9e6	511111904175	Pepperidge Farm
5332f760e4b03c9a25efd11a	511111803720	Honest Tea
5f4802d2be37ce0c83033743	511111315889	test brand @1598554834882
60074277be37ce360be639ff	511111919803	test brand @1611088503689
5332f9f0e4b03c9a25efd1c3	511111203278	Pringles
5fb2852cbe37ce522e165cb0	511111917328	test brand @1605535020580
58861c7e4e8d0d20bc42c4e3	511111601395	Miller High Life
585b0b23e4b03e62d1ce0e99	511111101451	Quaker
5332f7ffe4b03c9a25efd16a	511111703334	All Natural
5da608291dda2c3e1416ae8b	511111705727	Claritin® KIDS
57d848efe4b0ac389136a2aa	511111302414	Athenos
5f513ea1be37ce21f1287c03	511111916512	test brand @1599159969028
5f35a0babe37ce6853cff201	511111815389	test brand @1597350074404
5a5d2c1fe4b06ba572cf24a8	511111100065	Sedal
5d603537a3a018514994f424	511111404958	Red Rock Deli Chips
5da607a9a60b87376833e34f	511111905684	ALKA SELTZER PLUS® SINUS CAP/ GEL/ TAB
5f493682be37ce52f8314fcd	511111915911	test brand @1598633602253
585a970ee4b03e62d1ce0e91	511111301530	Smartfood
5f403231be37ce5f78d9ed18	511111515685	test brand @1598042673532
5f7ba932be37ce2f290fb252	511111916956	test brand @1601939762881
58863e1ee4b02187f85cdace	511111101222	Oscar Mayer
5a5d234be4b06ba572cf249f	511111400271	Lech
5d642d946d5f3b23d1bc7910	511111805137	Real Simple
5fb8292abe37ce522e165ce3	511111617785	Heiners
5d6419346d5f3b23d1bc790e	511111005094	Parents
5332fa0ae4b03c9a25efd1dd	511111203117	Smart Start
5ccb2ece166eb31bbbadccbe	511111504788	The Pioneer Woman
60074278be37ce360be63a03	511111319849	test brand @1611088504474
5d6419746d5f3b23d1bc790f	511111605102	People en Espanol
5a5d1fbfe4b0db471c2d0428	511111100294	Hop Valley
5f3d6f44be37ce4ddbb1bb3c	511111215493	test brand @1597861700914
580dffade4b0f32b2de21384	511111001836	Yuban Coffee
5d6423ffa3a018514994f42c	511111105114	People Magazine
5f9770bfbe37ce03d08a2d84	511111617068	test brand @1603760319682
5f4a7a5dbe37ce2d95e65ca3	511111516286	test brand @1598716509394
5f35834dbe37ce443bf9d565	511111415343	test brand @1597342541226
592486bfe410d61fcea3d13d	511111000679	TIGI
5daf3365a60b87376833e35b	511111805908	Autumn's Gold™
5a5d2a86e4b06ba572cf24a6	511111900108	Brooke Bond
5d6415c66d5f3b23d1bc790c	511111105046	Food & Wine Magazine
57c08285e4b0718ff5fcb038	511111702450	Quilmes
5f208dafbe37ce7958c59523	511111515197	test brand @1595968943049
5c9a975495144c182bbc7270	511111208532	Test FRS-920 again1
5332f709e4b03c9a25efd0f0	511111903857	Coors Light
5dc1aaf51dda2c0ad7da64ad	511111506317	BOLT24
58861c7f4e8d0d20bc42c4f8	511111801313	Mist Twst
5fda3724be37ce09e3515970	511111918363	test brand @1608136484526
5fda3725be37ce09e3515974	511111718406	test brand @1608136485398
5fda3724be37ce09e3515971	511111418375	test brand @1608136484574
5fd28f0cbe37ce6d53dfc692	511111518044	Sargento® Cheese
5fda3724be37ce09e3515972	511111618386	test brand @1608136484633
5fda3724be37ce09e3515973	511111118398	test brand @1608136484689
5ff73cffbe37ce1e961f325d	511111918646	test brand @1610038527809
5ff73cf9be37ce1e961f3258	511111518600	test brand @1610038521565
5ff73cf9be37ce1e961f325a	511111218623	test brand @1610038521677
5ff74123be37ce1e961f3266	511111418658	test brand @1610039587818
5ff73cf9be37ce1e961f3259	511111018612	test brand @1610038521624
5ff73cfabe37ce1e961f325b	511111718635	test brand @1610038522559
5ff74500be37ce1e961f3279	511111818748	test brand @1610040576117
5ff74500be37ce1e961f327b	511111518761	test brand @1610040576672
5ff75cdebe37ce1e961f328b	511111018773	test brand @1610046686560
5ff74500be37ce1e961f3278	511111618737	test brand @1610040576088
5ff74500be37ce1e961f327a	511111318750	test brand @1610040576148
5ff74500be37ce1e961f3277	511111118725	test brand @1610040576053
5da60785a60b87376833e34e	511111705673	Alka-Seltzer Plus®
6000a0c9be37ce2bb7930121	511111019657	test brand @1610653897113
6000a0c6be37ce2bb793011f	511111319634	test brand @1610653894519
6000b8c3be37ce321363c6c0	511111719670	test brand @1610660035659
6000a0c6be37ce2bb7930120	511111519645	test brand @1610653894662
6000a0f3be37ce2bb793012a	511111219668	test brand @1610653939508
6000a0c6be37ce2bb793011e	511111819622	test brand @1610653894371
5f7760f2be37ce1d26d7b7a7	511111216865	test brand @1601659122798
5332f7ace4b03c9a25efd13a	511111803515	Michelob Ultra
5daf5d1aa60b87376833e361	511111506034	Cocoa Puffs™
5f7760f0be37ce1d26d7b7a4	511111316831	test brand @1601659120793
5afda26ce4b0c11cfecd49f8	511111904502	Jay's
592486bee410d61fcea3d130	511111100782	KNORR
57c0812de4b0718ff5fcb02e	511111402527	Crunchy Nut
5a5d1c62e4b0db471c2d0424	511111500384	Cristal
5fcda494be37ce688e08b0d0	511111217978	test brand @1607312532874
57ebbcc2e4b0ac389136a32c	511111502210	Boca
5c409ab4cd244a3539b84162	511111004790	alexa
5daf54ec1dda2c3e1416ae98	511111806011	KIX™
5f19e054be37ce33f74a166f	511111715115	test brand @1595531348245
5d658fc0a3a018514994f430	511111205173	Allrecipes Special Edition Magazine
585a966be4b03e62d1ce0e7e	511111901709	Grandma's
5f872b7fbe37ce66db5dd976	511111517009	test brand @1602694015177
5a5d24c2e4b0db471c2d042b	511111500223	Sharp's
5332f7e0e4b03c9a25efd151	511111303381	Good Earth
5db77d891dda2c3e1416ae9f	511111106159	Baileys Coffee Products
5f21c852be37ce7958c59529	511111515241	FINISH®
5bcdfc5a965c7d66d92731e9	511111304616	V8 Hydrate
5f494c5e04db711dd8fe87e3	511111016137	test brand @1598639197925
5f872b7fbe37ce66db5dd978	511111217022	test brand @1602694015743
57ebc017e4b0ac389136a336	511111602118	Jell-O
5f77274cbe37ce6b592e90be	511111616740	test brand @1601644364536
5f99f71bbe37ce13da9eadeb	511111517160	test brand @1603925787997
5ab15207e4b0be0a89bb0b04	511111304333	Goldfish
5332f5f6e4b03c9a25efd0b2	511111703983	Coca-Cola
5f493682be37ce52f8314fcf	511111615934	test brand @1598633602304
5f7760f0be37ce1d26d7b7a3	511111816829	test brand @1601659120693
58861c7f4e8d0d20bc42c500	511111801245	Quaker Rice Cakes
5cc725bd166eb31bbbadccbd	511111304777	Cape Line
5f3e9173be37ce5a0e01b957	511111415572	test brand @1597935987233
585a96b3e4b03e62d1ce0e85	511111201632	Near East
5332f6f4e4b03c9a25efd0ed	511111103868	Peace Tea
5d642dd1a3a018514994f42f	511111505150	Southern Living
5332f802e4b03c9a25efd16d	511111003311	Light & Fit
5ef3860fbe37ce02da95b72e	511111015024	Clorox
585a9698e4b03e62d1ce0e83	511111901655	Mountain Dew Diet
5a5e36d6e4b06ba572cf24ac	511111500018	May-Bud
5f5bc4f1be37ce17125ac0eb	511111816614	test brand @1599849713798
55bf8c6ce4b0d8e685c1489d	511111802563	Gatorade
5f358338be37ce443bf9d558	511111415299	test brand @1597342520131
5a8c3140e4b07f0a2dac8941	511111304104	Garden Fresh Gourmet
5a5d17ede4b06ba572cf2498	511111000440	AUNT JEMIMA Dry Breakfast Mixes
5a5d23f1e4b06ba572cf24a0	511111700258	Olde English
5f628215be37ce78e6e2efad	511111416661	test brand @1600291349255
58861c7e4e8d0d20bc42c4f6	511111501336	Matador Snacks
580dff8fe4b0f32b2de21380	511111401872	DiGiorno Cheese
5d66d516a3a018093ab34725	511111305286	Country Home Magazine
5daf4f9ca60b87376833e360	511111105992	Reese's® Puffs
5daf6e31a60b87376833e365	511111706113	Golden Grahams™
5332f7ace4b03c9a25efd13b	511111303503	Bacardi
5f3ff222be37ce1c81aa1e10	511111915638	test brand @1598026274692
5d66d8c86d5f3b6188d4f049	511111805342	LIFE Special Edition Magazine 
5fcff319be37ce6d53dfc691	511111318033	test brand @1607463705032
5332fa74e4b03c9a25efd21e	511111003038	Sprite
5f4802bdbe37ce0c83033740	511111615866	test brand @1598554813744
585a96e9e4b03e62d1ce0e8b	511111901587	Rice A Roni
5332f756e4b03c9a25efd113	511111503743	Murray
5afda67de4b0c11cfecd49fc	511111504573	STELLA D'ORO
5f4bf556be37ce0b4491554c	511111016342	test brand @1598813526686
5fa1c567be37ce402c4618f3	511111017226	test brand @1604437351678
5ab15669e4b0be0a89bb0b08	511111704423	Campbell's Ready Meals
5332f612e4b03c9a25efd0c4	511111803881	Kickstart
5f21ca86be37ce7958c5952b	511111215264	RESOLVE®
57e580e8e4b0ac389136a304	511111302292	Coors Banquet
58861c7e4e8d0d20bc42c4f7	511111001324	Maui Style Chips
5332fa84e4b03c9a25efd232	511111002871	Powerade Zero
5d2f3eada3a01810a2174aeb	511111804833	CULTURE REPUBLICK 
5daf63151dda2c3e1416ae9b	511111906070	Wheaties™
5f772952be37ce6b592e90d5	511111116806	test brand @1601644882062
55bf8c15e4b0d8e685c1489c	511111302575	Quaker Life
5f7ba645be37ce23081c528c	511111016908	test brand @1601939013444
5da605bea60b87376833e34a	511111805571	AFRIN® ORIGINAL NASAL SPRAY
5f493e72be37ce64d0ae36c5	511111816102	test brand @1598635634821
5fd3acb6be37ce0d9386bb43	511111418214	test brand @1607707830844
5952a596e4b08f39def64d03	511111800644	Zima
5f3ff222be37ce1c81aa1e0d	511111715603	test brand @1598026274609
5d6027f46d5f3b23d1bc7906	511111204923	CHESTER'S
5f77274bbe37ce6b592e90bb	511111716716	test brand @1601644363784
5afda1dae4b0c11cfecd49f6	511111604471	Cape Cod
5e710dbeee7f2d0b35b2a192	511111814085	COUNTRY CROCK PLANT BUTTER
5d66dad8a3a018093ab34729	511111205388	National Geographic Special Edition Magazine 
5daf5f65a60b87376833e363	511111206057	Chocolate Lucky Charms™
5f4802bdbe37ce0c8303373d	511111715832	test brand @1598554813534
5ffe3381be37ce5e01754c35	511111419303	test brand @1610494849657
5ffe2e38be37ce5e01754c23	511111019213	test brand @1610493496975
5ffe347ebe37ce5e01754c3e	511111919315	test brand @1610495102410
5ffe336fbe37ce5e01754c31	511111119272	test brand @1610494831056
5ffe336fbe37ce5e01754c32	511111319283	test brand @1610494831082
5ffe336fbe37ce5e01754c30	511111619260	test brand @1610494831023
5ffe2e39be37ce5e01754c24	511111219224	test brand @1610493497005
5ffe2e39be37ce5e01754c26	511111919247	test brand @1610493497517
5ffe2e39be37ce5e01754c25	511111719236	test brand @1610493497034
5ffe336fbe37ce5e01754c2f	511111419259	test brand @1610494830985
5ffe336fbe37ce5e01754c33	511111819295	test brand @1610494831583
5fdce8dbbe37ce5fa8ba59c2	511111118442	test brand @1608313051339
5fdce8dbbe37ce5fa8ba59c1	511111918431	test brand @1608313051291
5fdce8dcbe37ce5fa8ba59c3	511111618454	test brand @1608313052049
5fdce9cabe37ce5fa8ba59ce	511111318477	test brand @1608313290565
5fdce8edbe37ce5fa8ba59cc	511111818465	test brand @1608313069400
5fdce8dbbe37ce5fa8ba59bf	511111218418	test brand @1608313051132
5fdce8dbbe37ce5fa8ba59c0	511111418429	test brand @1608313051244
5fb8216ebe37ce522e165cdd	511111517726	Ball Park
5332f765e4b03c9a25efd120	511111003687	Glaceau fruitwater
5f43faabbe37ce3ef3fd3717	511111815730	test brand @1598290603618
5a5d1f46e4b0db471c2d0427	511111700302	Hidden Barrel Collection
5db9e8db1dda2c3e1416aea1	511111506195	Launch Box
57ebc2bde4b0ac389136a348	511111101949	Poppers
5a02196ce4b00efe02b02a5a	511111600565	SIMPLE
5a5d2bcbe4b0db471c2d0435	511111600077	Salon Selectives
57d9580ee4b0ac389136a2b6	511111802358	Cracker Barrel Cheese
5c112616315a241ba1716511	511111404729	Huggies Little Swimmers
5f403231be37ce5f78d9ed17	511111315674	test brand @1598042673502
5fd3acb6be37ce0d9386bb42	511111918202	test brand @1607707830173
5db20be5a60b87376833e366	511111406136	Blasted Shreds™
5d9d08d1a60b87376833e348	511111605546	Baken-Ets
5daf54491dda2c3e1416ae97	511111306009	Honey Nut Cheerios™
5332f734e4b03c9a25efd103	511111003809	Johnsonville
53501d29b9237fd7718f9e15	511111302858	Tombstone
5332f775e4b03c9a25efd128	511111903628	Chex
5f38576ebe37ce5178517acb	511111415411	test brand @1597527918397
5c76dd4d95144c5375687b52	511111806899	DASH-2249 1 brand 1
585a964ce4b03e62d1ce0e7a	511111301745	Cracker Jack
5f59002dbe37ce21f1287c10	511111316558	Gerber Good Start
5f4802bdbe37ce0c8303373e	511111915843	test brand @1598554813654
5f493dacbe37ce64d0ae36bf	511111016069	test brand @1598635436505
5f38578fbe37ce5178517ad6	511111315445	test brand @1597527951436
5332fa7be4b03c9a25efd22c	511111502937	Fresca
5d6412e9a3a018514994f426	511111304982	Better Homes & Gardens Magazine
5332f7b4e4b03c9a25efd140	511111303459	Bud Light Platinum
5fb821d1be37ce522e165cde	511111017738	Bimbo
5457a0cde4b05a46170caebc	511111402756	Fetch Rewards
5332f7f5e4b03c9a25efd163	511111403357	Leinenkugel's
5f590184be37ce21f1287c12	511111016571	Nestle NAN
5f403231be37ce5f78d9ed16	511111815662	test brand @1598042673466
57ebc01fe4b0ac389136a337	511111102106	Jet-Puffed
5f772952be37ce6b592e90d6	511111616818	test brand @1601644882548
5f298852be37ce7958c5952d	511111915287	Health Magazine
57ebc144e4b0ac389136a33f	511111902027	Kraft Singles
5f772952be37ce6b592e90d3	511111016786	test brand @1601644882019
5332fa7ce4b03c9a25efd22d	511111002925	Diet Coke Lime
5f77274bbe37ce6b592e90bd	511111416739	test brand @1601644363876
5f19e062be37ce33f74a1675	511111315162	test brand @1595531362667
5d66def56d5f3b6188d4f051	511111705444	Rolling Stone Special Collectors Edition Magazine
5a5d1a67e4b06ba572cf2499	511111800439	MUNCHIES
5da608c91dda2c3e1416ae8d	511111605775	ONE A DAY® 50+
5fcff304be37ce6d53dfc687	511111618010	test brand @1607463684816
5f4936debe37ce52f8314fdf	511111916000	test brand @1598633694347
5f441280be37ce5dbe9b7c7e	511111215776	test brand @1598296704638
5daf329ca60b87376833e35a	511111205890	Annie's Homegrown
5f4cff1ba475f1050a66b568	511111416388	test brand @1598881562991
5f4bf556be37ce0b4491554b	511111816331	test brand @1598813526656
5db6fb28a60b87376833e367	511111606147	Midol® 
5f3d6f43be37ce4ddbb1bb39	511111515470	test brand @1597861699811
5cdacf1c166eb33eb7ce0fa9	511111604808	Twisted Ranch
53501d29b9237fd7718f9e17	511111602835	Jacks
5afda00ce4b0c11cfecd49f4	511111904458	Emerald
5f4cff1aa475f1050a66b567	511111216377	test brand @1598881562499
5332f9fde4b03c9a25efd1cf	511111303176	Froot Loops
5f4a64e7be37ce17d23b317b	511111216216	test brand @1598711015538
5db77f7aa60b87376833e368	511111306160	Hershey's Hot Cocoa Mix
592486bee410d61fcea3d135	511111700746	PG TIPS
58861c7f4e8d0d20bc42c4fd	511111501268	Quaker Puffed
5a5d1a8ce4b0db471c2d0420	511111300427	MUNCHOS
57ebc15fe4b0ac389136a342	511111202004	Lunchables
5332f9fce4b03c9a25efd1cc	511111603207	Nutri-Grain
57c08250e4b0718ff5fcb033	511111702504	Leffe
5f21c99dbe37ce7958c5952a	511111015253	WOOLITE®
5d6412d36d5f3b23d1bc7908	511111104971	Travel and Leisure Magazine
5bd2011f90fa074576779a17	511111704652	Huggies
5f4a64e7be37ce17d23b3179	511111116196	test brand @1598711015353
5332fa7de4b03c9a25efd22f	511111302902	Sprite Zero
5fb2852dbe37ce522e165cb3	511111117353	test brand @1605535021531
5a8c2e5ee4b0ccf165fac9e1	511111004073	Bisca
5f4cff1ca475f1050a66b56a	511111516408	test brand @1598881563900
5f7ba932be37ce2f290fb253	511111116967	test brand @1601939762909
58861c7e4e8d0d20bc42c4e9	511111901372	Peroni Italy
5f4802bebe37ce0c83033741	511111115878	test brand @1598554814581
5332fa67e4b03c9a25efd216	511111403074	Orv's
55a41a9de4b0d0a65b3692ed	511111002710	RPs
5fcff304be37ce6d53dfc685	511111917991	test brand @1607463684722
5db9f8c5a60b87376833e36a	511111106203	Fruit Gushers™
5332f789e4b03c9a25efd12c	511111603597	Bugles
5f3d6f45be37ce4ddbb1bb3f	511111515524	test brand @1597861701615
5332f762e4b03c9a25efd11e	511111103707	Glaceau vitaminwater zero
5f16f512be37ce2b30061e1e	511111215059	test brand @1595340050104
5daf2baea60b87376833e359	511111505877	Lucky Charms®
57d95741e4b0ac389136a2b1	511111802402	Back to Nature Meals
5332f7b2e4b03c9a25efd13f	511111503460	Budweiser Select 55
5f35a0babe37ce6853cff200	511111615378	test brand @1597350074366
537b7ec2892471241348d70a	511111302780	Cedar Crest
5fc54c0abe37ce1911dbb3b3	511111317876	test brand @1606765578747
5d642d65a3a018514994f42d	511111305125	Rachael Ray Everyday
5fb829c0be37ce522e165ce4	511111117797	Grandma Sycamore
5dc2db051dda2c0ad7da64b0	511111106364	Mermaid Cereal
5f35a0babe37ce6853cff1fe	511111915355	test brand @1597350074236
5332f5fde4b03c9a25efd0bc	511111803959	Aquafina
5d66e20b6d5f3b6188d4f055	511111705512	SoBe Drinks
5332f9f4e4b03c9a25efd1ca	511111103219	Rice Krispies
5d6594a2a3a018514994f434	511111905240	Kitchen and Baths
5f5bc4f1be37ce17125ac0ec	511111016625	test brand @1599849713825
55b630d3e4b0d8e685c1421e	511111802631	Sunkist
5ab154eae4b0915382df7620	511111004400	Campbell's Dinner Sauces
55b630ece4b0d8e685c14221	511111602606	Squirt
5cdad1daca6a4c76f3f8c515	511111304821	Wild Style Sauce
592486bee410d61fcea3d128	511111300861	DOVE
5f7ba645be37ce23081c528a	511111916888	test brand @1601939012949
5f358338be37ce443bf9d559	511111015307	test brand @1597342520238
5f494cf904db711dd8fe87f0	511111616184	test brand @1598639353768
57d96124e4b0ac389136a2b9	511111602323	Smart Ones
5da60696a60b87376833e34c	511111805625	ALEVE® LIQUID GELS
5332f603e4b03c9a25efd0bf	511111603924	Lipton
591325cde4b0cddf4ebb6a69	511111200963	SANTITAS Tortilla Chips
5d4880ca6d5f3b105d1bc8dc	511111204879	Fruit Love Spoonable Smoothies
585a9744e4b03e62d1ce0e98	511111301462	Tropicana
585a96fbe4b03e62d1ce0e8e	511111001553	Sabra
5daf68751dda2c3e1416ae9c	511111106081	Raisin Nut Bran
5da607daa60b87376833e350	511111405696	Bayer® ASPRIN EXTRA STRENGTH 
5332f9f1e4b03c9a25efd1c5	511111503255	Corn Flakes
5887a28ae4b02187f85cdad6	511111901143	Velveeta
592486bee410d61fcea3d12b	511111400837	GOOD HUMOR
5aa1b53ae4b086c8aad5e097	511111804277	JUST CRACK AN EGG Scramble Kit
5fa98944be37ce239d107101	511111917274	test brand @1604946244789
5d6417f56d5f3b23d1bc790d	511111305071	MARTHA STEWART LIVING MAGAZINE
592486bee410d61fcea3d129	511111100850	DOVE MEN+CARE
588ba0f5e4b02187f85cdade	511111701064	Cracker Barrel Macaroni & Cheese Dinners
5f4bf556be37ce0b4491554a	511111316329	test brand @1598813526618
5f7760ffbe37ce1d26d7b7a9	511111716877	test brand @1601659135935
5332f5fbe4b03c9a25efd0b9	511111503972	Pepsi
5daf2e2a1dda2c3e1416ae92	511111705888	Mott's® Fruit Snacks
5332f9fde4b03c9a25efd1ce	511111503187	Corn Pops
5a8f6461e4b02d0314ffa208	511111604242	Riberhus
58861d07e4b02187f85cdacd	511111601234	Hershey's Pudding
5f504ac2be37ce0b793c9412	511111716433	test brand @1599097538394
5332f7aae4b03c9a25efd139	511111003526	Busch
53501d29b9237fd7718f9e16	511111802846	Digiorno
5fd29590be37ce38bbbefb27	511111218067	test brand @1607636368260
5c49d4c5315a247b580d50fb	511111604754	GO & GROW
5f208dafbe37ce7958c59524	511111115205	test brand @1595968943087
592486bde410d61fcea3d126	511111000884	COUNTRY CROCK
585a971ae4b03e62d1ce0e93	511111601517	Stacy's
5332f7a9e4b03c9a25efd137	511111703549	Budweiser Select
5a5d1e5fe4b06ba572cf249d	511111100348	MR. YOSHIDA'S
5332f77de4b03c9a25efd12b	511111203605	Bisquick
57dd5a50e4b0ac389136a2d9	511111902300	Austin
5fa1c568be37ce402c4618f4	511111517238	test brand @1604437352151
5f4a7a60be37ce2d95e65cad	511111616306	test brand @1598716512038
5f19e054be37ce33f74a1671	511111415138	test brand @1595531348410
5fd29591be37ce38bbbefb2c	511111018100	test brand @1607636369580
5332fa7ae4b03c9a25efd228	511111902973	Barq's
5f441281be37ce5dbe9b7c82	511111015819	test brand @1598296705444
57ebc158e4b0ac389136a341	511111702016	Lea & Perrins
5332fa73e4b03c9a25efd21d	511111203049	Caffeine-free Diet Coke
57ebc009e4b0ac389136a334	511111302131	Heinz
5fb6b695be37ce522e165cba	511111017387	Sara Lee
5f872b7fbe37ce66db5dd977	511111017011	test brand @1602694015481
5a5d1e8fe4b06ba572cf249e	511111400325	OVEN FRY
5d658fde6d5f3b23d1bc7913	511111505204	BETTY CROCKER SPECIAL EDITION MAGAZINE
5f4a7a5ebe37ce2d95e65ca4	511111016298	test brand @1598716510157
57c08268e4b0718ff5fcb035	511111602484	Skol
5a5d2856e4b0db471c2d0430	511111300144	Two Hats
591b7682e4b0cddf4ebb6a6a	511111000952	Starbucks Ready-To-Drink Beverages
585a965be4b03e62d1ce0e7c	511111601722	Fritos
585a96c2e4b03e62d1ce0e87	511111701620	Pasta Roni
55b6309ce4b0d8e685c1421b	511111702665	7 up
5d641257a3a018514994f425	511111604969	Allrecipes Magazine
5a7e0c1ae4b0782f27c68d4e	511111504061	1_KRAFT Hockeyville
5fc54c17be37ce1911dbb3b8	511111117919	test brand @1606765591455
5ab130e2e4b0915382df7619	511111504290	V8V Fusion
5f504ac2be37ce0b793c9413	511111916444	test brand @1599097538537
5d66dbf36d5f3b6188d4f04d	511111705390	H2OH! Sparkling Water
5332f7f0e4b03c9a25efd160	511111603368	Miller Genuine Draft
5f9770bfbe37ce03d08a2d87	511111817093	test brand @1603760319814
5332f9f1e4b03c9a25efd1c4	511111703266	Special K
5332f7a8e4b03c9a25efd136	511111203551	Busch Light
5d5abca1a3a018514994f421	511111504900	Amazing Grains
5f19e054be37ce33f74a1670	511111915126	test brand @1595531348374
5dc07de6a60b873d6b0666d0	511111406297	Chocolate Cheerios™
5d66dfec6d5f3b6188d4f053	511111105480	O.N.E. Coconut Water
5a5d209ae4b0db471c2d0429	511111600282	Keystone Ice
5a5d1d05e4b06ba572cf249b	511111800361	DIGIORNO CHEESE
5d601d74a3a018514994f422	511111004912	Caleb's Kola
60074277be37ce360be63a01	511111619826	test brand @1611088503776
58861c7e4e8d0d20bc42c4ea	511111401360	Pilsner Urquell
5f3e9172be37ce5a0e01b956	511111915560	test brand @1597935986474
540f241c68abd3c7065097d5	511111602767	Prairie Farms
5ab13217e4b0915382df761b	511111804321	Milano
5fd3acb9be37ce0d9386bb4c	511111618225	test brand @1607707833391
53501e6cb9237fd7718f9e25	511111402800	Palermo
5f208db0be37ce7958c59527	511111815228	test brand @1595968944654
5dc07e2aa60b873d6b0666d1	511111006305	"General Mills ""Big G"" Cereal"
5f493e73be37ce64d0ae36c7	511111516125	test brand @1598635635448
592486bde410d61fcea3d125	511111500896	CLEAR
5a5d10b5e4b06ba572cf2497	511111700463	Arnold Palmer Spiked
5fb81985be37ce522e165cdb	511111817703	Absolut® Lime
5fb81718be37ce522e165cd6	511111817659	Absolut® Juice Strawberry
5fb817e8be37ce522e165cd8	511111517672	Absolut® Original
5fb818abbe37ce522e165cd9	511111717683	Absolut® Mandrin
5fb7f9c2be37ce522e165cc8	511111517511	Absolut® Elyx
5fb81796be37ce522e165cd7	511111017660	Absolut® Juice Apple
5fb7f8febe37ce522e165cc7	511111017509	Aberlour®
5fb80a6bbe37ce522e165cd0	511111317593	Jameson® Cold Brew 
5fb6d68abe37ce522e165cbf	511111817420	Jefferson’s Reserve®
5fb6d5e4be37ce522e165cbe	511111617419	Campo Viejo®
5fb7e90fbe37ce522e165cc5	511111917489	Kahlua®
5fb7e52abe37ce522e165cc2	511111017455	Mumm Napa®
5fb7e7aebe37ce522e165cc4	511111717478	Malfy®
5fb80e12be37ce522e165cd4	511111117636	Malibu® Lime
5fb80e70be37ce522e165cd5	511111317647	Malibu® Strawberry
5fb7fae8be37ce522e165cca	511111217534	Redbreast 12YO 
5f38578fbe37ce5178517ad5	511111115434	test brand @1597527951412
5f441281be37ce5dbe9b7c84	511111215820	test brand @1598296705593
5a5d25b6e4b0db471c2d042c	511111800200	Sol
5332f807e4b03c9a25efd16f	511111903291	Activia
585a9618e4b03e62d1ce0e75	511111201793	Baked!
5f513ea1be37ce21f1287c06	511111816546	test brand @1599159969725
5f4cffbba475f1050a66b574	511111216421	test brand @1598881723241
57ebc2f0e4b0ac389136a34c	511111701903	Wyler's
5f7ba932be37ce2f290fb254	511111616979	test brand @1601939762943
5db9e6551dda2c3e1416aea0	511111006183	Fat Rabbit
5daf60021dda2c3e1416ae9a	511111406068	Total™
5f493e72be37ce64d0ae36c1	511111516071	test brand @1598635634169
5f493dabbe37ce64d0ae36bb	511111616023	test brand @1598635435829
55a58727e4b0d0a65b3693cd	511111402688	Nature's Bakery
5fd3ae1fbe37ce0d9386bb55	511111118237	test brand @1607708191092
5332fa75e4b03c9a25efd220	511111503026	Coca-Cola Zero
5fb80dd6be37ce522e165cd3	511111617624	Malibu® Pineapple
5c49d24df0276e771967371a	511111104742	PURE BLISS
5a8c36a1e4b0ccf165fac9e8	511111604198	Royal Dansk
5f4a64e7be37ce17d23b317c	511111416227	test brand @1598711015578
57ebc13de4b0ac389136a33e	511111402039	Kraft Shredded Cheese
57d9612be4b0ac389136a2ba	511111402312	Devour
5a8c2f7ce4b0ccf165fac9e3	511111704096	Campbell's
5f16f536be37ce2b30061e26	511111915072	test brand @1595340086011
5a4d254ce4b0bcb2c74ea780	511111200475	STUBBORN SODA
5fb6d83cbe37ce522e165cc1	511111517443	Avion® Silver
5ff74126be37ce1e961f3271	511111318682	test brand @1610039590413
5ff74126be37ce1e961f326f	511111618669	test brand @1610039590349
5ff74126be37ce1e961f3272	511111818694	test brand @1610039590443
5ff744ffbe37ce1e961f3275	511111918714	test brand @1610040575410
5ff74126be37ce1e961f3270	511111118671	test brand @1610039590383
5ff74126be37ce1e961f3273	511111418702	test brand @1610039590990
5ffe3686be37ce5e01754c5e	511111719441	test brand @1610495622485
5ffe3a86be37ce7aab2d4fd5	511111619499	test brand @1610496646103
5ffe3686be37ce5e01754c5f	511111219453	test brand @1610495622510
5ffe3687be37ce5e01754c62	511111119487	test brand @1610495623019
5ffe3686be37ce5e01754c60	511111419464	test brand @1610495622536
5ffe3686be37ce5e01754c61	511111919476	test brand @1610495622560
5e5ff158ee7f2d0b35b2a18d	511111214038	ONE A DAY®
5332fa77e4b03c9a25efd225	511111803003	Cherry Coke
5d659490a3a018514994f433	511111705239	Happy Paws
5e710da7ee7f2d0b35b2a191	511111614074	COUNTRY CROCK ORIGINAL
592486bee410d61fcea3d12c	511111900825	Mayo by HELLMANN'S/BEST FOODS
5f38578fbe37ce5178517ad4	511111615422	test brand @1597527951382
5f772952be37ce6b592e90d4	511111516798	test brand @1601644882040
5f385790be37ce5178517ad8	511111015468	test brand @1597527952048
5f4a650bbe37ce17d23b317f	511111116240	test brand @1598711051957
5f43faadbe37ce3ef3fd371b	511111715764	test brand @1598290605359
5f208dafbe37ce7958c59525	511111615217	test brand @1595968943787
592486bfe410d61fcea3d13c	511111200680	TALENTI
5f493e72be37ce64d0ae36c3	511111716082	test brand @1598635634767
5da6097ea60b87376833e358	511111305842	ONE A DAY® VITACRAVES ADULT MULTIVITAMINS
58b59950e4b0857c2ddb7254	511111601005	Red Dog
58861c7e4e8d0d20bc42c4ee	511111201359	Smith & Forge Hard Cider
5a5e34fee4b0db471c2d0436	511111200031	LIPTON Iced Tea Beverages
585a96f5e4b03e62d1ce0e8d	511111201564	Ruffles
5ab13165e4b0be0a89bb0b03	511111604310	V8 Plus Energy
5afda618e4b0c11cfecd49fa	511111804550	POP SECRET
5f7ba933be37ce2f290fb256	511111316992	test brand @1601939763539
5332f800e4b03c9a25efd16c	511111203322	Fruit on the Bottom
5887a0fde4b02187f85cdad1	511111801191	Capri Sun
5a5d1acce4b0db471c2d0421	511111100416	NUT HARVEST
5f4cff1ba475f1050a66b569	511111916390	test brand @1598881563437
57c0810fe4b0718ff5fcb02d	511111902539	Famous Amos
5f628215be37ce78e6e2efac	511111216650	test brand @1600291349208
53501d2ab9237fd7718f9e19	511111102823	Emils
5b184cdbe4b0d159a5b66e2b	511111204596	Henry Weinhard's
5f504ac3be37ce0b793c9416	511111116479	test brand @1599097539366
5d6415b3a3a018514994f428	511111905035	People Special Edition Magazine
5dc07880a60b873d6b0666cf	511111706274	Fruity Cheerios™
5da608821dda2c3e1416ae8c	511111905752	Flintstones™ MULTIVITAMIN GUMMY
57e58166e4b0ac389136a30b	511111102267	Foster's
5d5411eda3a018514994f420	511111904892	F. Whitlock & Sons BBQ Sauce
5ff75cdfbe37ce1e961f328f	511111318804	test brand @1610046687007
5ff75cdfbe37ce1e961f3290	511111818816	test brand @1610046687035
5ff75cdebe37ce1e961f328e	511111718796	test brand @1610046686980
5f504ac2be37ce0b793c9414	511111416456	test brand @1599097538571
5e710dd5ee7f2d0b35b2a193	511111314097	I CAN'T BELIEVE IT'S NOT BUTTER!
5fcff304be37ce6d53dfc686	511111118008	test brand @1607463684777
585a961fe4b03e62d1ce0e76	511111701781	Baken-Ets
5daf472da60b87376833e35e	511111405979	LIBERTÉ®
5dc076e41dda2c0ad7da64ab	511111006251	Apple Cinnamon Cheerios™
5a5d2695e4b0db471c2d042d	511111700180	St. Stefanus
5332f5ebe4b03c9a25efd0a7	511111304050	Monster
585a9653e4b03e62d1ce0e7b	511111101734	Dole Chilled Fruit Juices
5f35a0bcbe37ce6853cff20b	511111915409	test brand @1597350076586
5332f70ee4b03c9a25efd0f7	511111703822	Haagen-Dazs
592486bfe410d61fcea3d13a	511111700692	SUAVE
57ebbed8e4b0ac389136a32e	511111402190	Classico
57c08275e4b0718ff5fcb036	511111402473	Brahma
5fb82a34be37ce522e165ce5	511111717805	Stroehmann
5d66d9016d5f3b6188d4f04a	511111305354	Bubly Sparkling Water
5ab152fae4b0be0a89bb0b05	511111004356	1915 Bolthouse Farms
5ff75cdfbe37ce1e961f3291	511111018827	test brand @1610046687624
5ff75cdebe37ce1e961f328d	511111218784	test brand @1610046686954
5ff768d4be37ce1e961f329a	511111518839	test brand @1610049748078
5e5ff32bee7f2d0b35b2a190	511111114062	MIRALAX®LAXATIVES
5fd3ae1fbe37ce0d9386bb56	511111318248	test brand @1607708191128
5fd3ae1fbe37ce0d9386bb57	511111818250	test brand @1607708191160
5fd3ae1fbe37ce0d9386bb58	511111018261	test brand @1607708191197
5fd3ae1fbe37ce0d9386bb59	511111518273	test brand @1607708191721
5fd3ae20be37ce0d9386bb5b	511111718284	test brand @1607708192160
5fff3aa0be37ce2bb793011a	511111519591	test brand @1610562208718
6000a0c6be37ce2bb793011d	511111619611	test brand @1610653894219
5fff3aa0be37ce2bb7930117	511111319566	test brand @1610562208600
5fff3aa0be37ce2bb7930118	511111819578	test brand @1610562208645
5fff3aa1be37ce2bb793011b	511111119609	test brand @1610562209325
5fff3aa0be37ce2bb7930119	511111019589	test brand @1610562208680
6000b8c3be37ce321363c6c3	511111019701	test brand @1610660035827
6000b8c3be37ce321363c6c2	511111419693	test brand @1610660035788
6000b8c4be37ce321363c6c4	511111519713	test brand @1610660036398
60019b82be37ce4f17e558d2	511111219736	test brand @1610718082493
585a973ee4b03e62d1ce0e97	511111801474	Tropicana Trop 50
552ecc9be4b02ff29f99b214	511111702733	Valu Time
580dffa7e4b0f32b2de21383	511111201847	TGI Fridays
5a5d1d71e4b06ba572cf249c	511111600350	Cusquena
5fb6b6e1be37ce522e165cbb	511111517399	Arnold 
57ebc188e4b0ac389136a343	511111001997	McCafé
5afda307e4b03bf01c2a2966	511111404514	O-Ke-Doke
5fcda494be37ce688e08b0ce	511111517955	test brand @1607312532260
5da606c61dda2c3e1416ae87	511111505648	ALKA SELTZER® ADULT HEARTBURN CHEWS/ GUMMY/ TAB
5f19e054be37ce33f74a1672	511111615149	test brand @1595531348450
5f493dabbe37ce64d0ae36be	511111816058	test brand @1598635435926
5fd29590be37ce38bbbefb26	511111018056	test brand @1607636368135
5f493d85be37ce64d0ae36b2	511111416012	test brand @1598635397611
58861c7f4e8d0d20bc42c4fb	511111201281	Quaker Oatmeal Squares
5dd59806a60b870fc613f7ca	511111806387	Oatmeal Crisp™ Cereal
58861c7e4e8d0d20bc42c4e4	511111101383	Milwaukee's Best Light
5ff3842abe37ce2c56dacbac	511111818533	test brand @1609794602668
5ff3842bbe37ce2c56dacbaf	511111518556	test brand @1609794603283
5ec2dd58be37ce5234ec36b9	511111614630	Phillips'®Digestive
6000b8c3be37ce321363c6c1	511111919681	test brand @1610660035741
6000b8c4be37ce321363c6c6	511111719724	test brand @1610660036852
5ff3842bbe37ce2c56dacbae	511111018544	test brand @1609794603236
5ff3842bbe37ce2c56dacbb1	511111218579	test brand @1609794603367
5ff3842bbe37ce2c56dacbb0	511111718567	test brand @1609794603327
5ff3842bbe37ce2c56dacbb2	511111418580	test brand @1609794603941
5ff73cf9be37ce1e961f3257	511111918592	test brand @1610038521409
60019b82be37ce4f17e558d3	511111419747	test brand @1610718082601
60019b83be37ce4f17e558d6	511111619772	test brand @1610718083279
60074261be37ce360be639f6	511111319795	test brand @1611088480964
60019b82be37ce4f17e558d5	511111119760	test brand @1610718082685
60019b83be37ce4f17e558d8	511111819783	test brand @1610718083421
60019b82be37ce4f17e558d4	511111919759	test brand @1610718082644
5ff8b5febe37ce4a13986614	511111319122	test brand @1610135038186
5ff8b5fcbe37ce4a13986612	511111119111	test brand @1610135036684
5ffe2df8be37ce5e01754c20	511111919193	test brand @1610493432606
5ffe2e38be37ce5e01754c22	511111519201	test brand @1610493496943
5ffe2ca1be37ce5e01754c0e	511111219170	test brand @1610493089082
5ff8b5fbbe37ce4a13986610	511111019091	test brand @1610135035614
5ffe2ce0be37ce5e01754c17	511111419181	test brand @1610493152468
5ff8b5fbbe37ce4a13986611	511111619109	test brand @1610135035679
5ff8b5fbbe37ce4a1398660f	511111519089	test brand @1610135035546
5ffe2ca0be37ce5e01754c0a	511111819134	test brand @1610493088286
5ffe2ca0be37ce5e01754c0c	511111519157	test brand @1610493088459
5ffe2ca0be37ce5e01754c0b	511111019145	test brand @1610493088421
5ffe2ca0be37ce5e01754c0d	511111719168	test brand @1610493088494
5ff789d5be37ce786ba0f6a9	511111819066	test brand @1610058197026
5ff789c5be37ce786ba0f6a6	511111119043	test brand @1610058181760
5ff8b5fbbe37ce4a1398660e	511111319078	test brand @1610135035331
5ff789c6be37ce786ba0f6a7	511111619055	test brand @1610058182453
5ff789c5be37ce786ba0f6a4	511111419020	test brand @1610058181682
5ff789c5be37ce786ba0f6a5	511111919032	test brand @1610058181719
5dc07bee1dda2c0ad7da64ac	511111906285	Hershey's™ Cereal
5f441280be37ce5dbe9b7c7f	511111415787	test brand @1598296704728
58861c7e4e8d0d20bc42c4f5	511111701347	Amp Energy
5332f754e4b03c9a25efd112	511111003755	Fuze
5d66d6a2a3a018093ab34727	511111905318	Eat This Not That Magazine
592486bde410d61fcea3d120	511111500940	AXE
5f493dabbe37ce64d0ae36bc	511111116035	test brand @1598635435855
5fc54c0ebe37ce1911dbb3b6	511111617907	test brand @1606765582946
5332f712e4b03c9a25efd0f8	511111503811	Kemps
5332f70ae4b03c9a25efd0f4	511111203834	Barmen
5f7ba678be37ce23081c5297	511111216933	test brand @1601939064752
5c6d51d695144c607914426f	511111806509	alexa-o's
5332f5f4e4b03c9a25efd0af	511111904014	Frosted Mini-Wheats
5da607ef1dda2c3e1416ae89	511111005704	Bayer® ASPRIN TAB/ CAPS/ CHEWS
5f99f720be37ce13da9eaded	511111017172	test brand @1603925792078
5d6417dda3a018514994f42a	511111805069	InStyle
57e581dfe4b0ac389136a30e	511111402244	Steel Reserve
5d603430a3a018514994f423	511111904946	Pop Works & Company Popcorn
5a4d2489e4b0d5c3fd86b67a	511111900498	SABRITONES
5d66def56d5f3b6188d4f052	511111205456	TIME Special Edition Magazine
5a5d1ef1e4b0db471c2d0426	511111200314	SURE-JELL
5a5d26c7e4b06ba572cf24a5	511111500179	Terrapin
588ba164e4b02187f85cdadf	511111501053	Smart Made
5f872bd4be37ce66db5dd983	511111417057	test brand @1602694099888
5d6415a26d5f3b23d1bc790b	511111405023	Coastal Living Magazine
5a8c5ee7e4b07f0a2dac8948	511111404231	LOVE BEAUTY AND PLANET
5daf2a6b1dda2c3e1416ae91	511111005865	Protein One™
5332f753e4b03c9a25efd110	511111203766	Sugar Free NOS
5d66e03f6d5f3b6188d4f054	511111605492	Yoga Journal Magazine
5ea07e02be37ce3e45b6a781	511111414551	Show this Brand A
585a9707e4b03e62d1ce0e90	511111501541	Smartfood Selects
5f99f71bbe37ce13da9eade8	511111617136	test brand @1603925787381
57ebc02be4b0ac389136a339	511111002086	Kool-Aid
5332f5f5e4b03c9a25efd0b1	511111203995	Minute Maid
5f7ba645be37ce23081c528b	511111416890	test brand @1601939013241
58861c7d4e8d0d20bc42c4d7	511111401438	Velveeta Shells
5332f7b5e4b03c9a25efd141	511111803447	Margaritaville
5f403232be37ce5f78d9ed1b	511111615705	test brand @1598042674677
5fb81ab9be37ce522e165cdc	511111317715	Absolut® Citron
5fb7fa35be37ce522e165cc9	511111717522	Avion® R44
5332fa79e4b03c9a25efd227	511111102984	Caffeine-free Coca-Cola
5fd2a0bfbe37ce49eb72c0f2	511111418146	test brand @1607639231710
53501d2ab9237fd7718f9e1b	511111902812	Screamin Sicilian
5a5d239de4b0db471c2d042a	511111900269	Miller Fortune
592486bee410d61fcea3d131	511111900771	LEVER 2000
5da603a71dda2c3e1416ae82	511111105558	A+D®
5db3288aee7f2d6de4248977	511111312949	Pull-Ups
5f5bc4f1be37ce17125ac0e7	511111216582	test brand @1599849713170
5fc54c0abe37ce1911dbb3b2	511111817864	test brand @1606765578434
5332f5fbe4b03c9a25efd0bb	511111003960	Mountain Dew
57ebc12ce4b0ac389136a33c	511111102052	Kraft Mayo
585a9720e4b03e62d1ce0e94	511111101505	Sun Chips
5f4bf557be37ce0b4491554e	511111716365	test brand @1598813527796
592486bfe410d61fcea3d138	511111800712	PURE LEAF Tea Leaves
5887a320e4b02187f85cdad8	511111201120	Corn Nuts
57d95753e4b0ac389136a2b3	511111702382	Breakstone's
5a5d263ee4b06ba572cf24a4	511111200192	Sparks
5f4a7a5dbe37ce2d95e65ca2	511111316275	test brand @1598716509357
5887a143e4b02187f85cdad2	511111301189	Maxwell House
5332f7b5e4b03c9a25efd142	511111603436	Beck's
5f5bc4f2be37ce17125ac0ed	511111516637	test brand @1599849714378
5f4a64e7be37ce17d23b317a	511111716204	test brand @1598711015496
5a5d2b20e4b0db471c2d0434	511111800088	Continental
5e3875f5ee7f2d697e835bcf	511111213925	Garnier - Hair Color
5ec2dc5fbe37ce5234ec36b8	511111114628	AFRIN® NASAL SPRAY
5daf4867a60b87376833e35f	511111605980	Goodbelly® Probiotics
592486bee410d61fcea3d134	511111200758	NEXXUS
5a8c3226e4b07f0a2dac8942	511111004127	V8
55b630a4e4b0d8e685c1421c	511111502654	Dr. Pepper
5a5d2ac5e4b06ba572cf24a7	511111300090	Colman's
5a8c344ae4b0ccf165fac9e5	511111704140	Prego
5fc54c0bbe37ce1911dbb3b4	511111517887	test brand @1606765578985
5e710e03ee7f2d0b35b2a194	511111914105	BRUMMEL & BROWN
5daf43251dda2c3e1416ae95	511111705956	YQ by Yoplait®
5d66d597a3a018093ab34726	511111805298	Diabetic Living Magazine
5d658ffa6d5f3b23d1bc7914	511111205227	Diabetic Living Magazine
5fa98944be37ce239d107102	511111117285	test brand @1604946244833
5da6076f1dda2c3e1416ae88	511111205661	ALKA SELTZER® PLUS COLD AND FLU TAB/ CAPS/ GEL
5f19e055be37ce33f74a1673	511111115151	test brand @1595531349206
5da60915a60b87376833e355	511111905806	ONE A DAY® HEART HEALTH
5c4637ba87ff35681e840d57	511111605058	Brand2
5332f7afe4b03c9a25efd13e	511111003472	Bud Light Lime
5da609621dda2c3e1416ae8f	511111105831	ONE A DAY® PRENATAL AND PREGNANCY
5a7e0665e4b0aedb3b84afd4	511111704140	Diet Chris Cola
5332f73ee4b03c9a25efd108	511111403791	Dr Pepper
5ca6383b166eb32e98e0e450	511111804765	Bold Butcher
585a9686e4b03e62d1ce0e81	511111601678	Lay's Original
585a96e0e4b03e62d1ce0e8a	511111401599	Quaker Chewy
592486bde410d61fcea3d121	511111300939	BEN & JERRY'S
5f4a7a5dbe37ce2d95e65ca1	511111816263	test brand @1598716509304
5332fa7ae4b03c9a25efd22a	511111202950	Pibb Xtra
5c6c2f9295144c6db8fe1977	511111106432	new-brand, of course
5f403231be37ce5f78d9ed15	511111615651	test brand @1598042673378
5bcdfc5990fa074576779a15	511111804604	V8 Hydrate
57d95805e4b0ac389136a2b5	511111002369	Country Time
540f240768abd3c7065097d4	511111102779	Frito Lay
60074277be37ce360be63a00	511111419815	test brand @1611088503732
585a96ade4b03e62d1ce0e84	511111401643	Naked Juice
592486bde410d61fcea3d122	511111800927	BREYERS
5fa1c567be37ce402c4618f2	511111817215	test brand @1604437351646
5d66d4666d5f3b6188d4f046	511111105275	Country Gardens Magazine
5dc2dab01dda2c0ad7da64af	511111906353	Girl Scouts Cookie Cereal
53554c847a010fd9f8db0ed6	511111802792	Miller Lite
5a5d2727e4b0db471c2d042e	511111000167	Third Shift Brewing
5db32879ee7f2d6de4248976	511111112938	GoodNites
5f513ea1be37ce21f1287c04	511111116523	test brand @1599159969061
5fa1ba01be37ce402c4618e7	511111217183	test brand @1604434433706
5e387679ee7f2d697e835bd2	511111413950	Maybelline
5daf693c1dda2c3e1416ae9d	511111606093	Yoplait®
5332f769e4b03c9a25efd122	511111303664	Odwalla
5f43faacbe37ce3ef3fd3719	511111515753	test brand @1598290604214
5fcff304be37ce6d53dfc684	511111417989	test brand @1607463684590
5e387644ee7f2d697e835bd1	511111913948	L’Oreal Paris - Hair Color
5f9770c0be37ce03d08a2d8a	511111917113	test brand @1603760320553
5da606361dda2c3e1416ae84	511111505594	ALEVE® CAPLETS, TABLETS, AND GEL CAPS
5332fa1ae4b03c9a25efd1e9	511111103097	Roma
5d66d38ca3a018093ab34724	511111605263	Clean Eating Magazine
5f493682be37ce52f8314fcc	511111415909	test brand @1598633602226
5332f806e4b03c9a25efd16e	511111503309	Oikos
5fda3712be37ce09e351596e	511111718352	test brand @1608136465926
5fd7f2b3be37ce7339755869	511111218296	test brand @1607987891733
5a5d247ae4b06ba572cf24a2	511111000235	Saint Archer
5887a1c8e4b02187f85cdad4	511111601166	Philadelphia
5afda201e4b0c11cfecd49f7	511111804482	Late July
5fb823dfbe37ce522e165ce2	511111417774	Freihofers
5a5d28ade4b0db471c2d0431	511111100133	Tyskie
5bd2013f965c7d66d92731ec	511111904663	Kleenex
5f7760f0be37ce1d26d7b7a6	511111016854	test brand @1601659120870
5f7ba914be37ce2f290fb250	511111416944	test brand @1601939732269
5a4d1ec9e4b0bcb2c74ea77d	511111900542	EL ISLENO
5fb822e4be37ce522e165ce0	511111717751	Maiser's
5f7ba932be37ce2f290fb255	511111816980	test brand @1601939762976
5bd201f090fa074576779a1a	511111204718	Viva
5bd20188965c7d66d92731ed	511111604686	Poise
5fd2a0bfbe37ce49eb72c0f3	511111918158	test brand @1607639231747
5332f7a9e4b03c9a25efd138	511111503538	Natural
57d96112e4b0ac389136a2b8	511111102335	Ore-Ida
5d66d81a6d5f3b6188d4f048	511111605331	History Channel Special Edition Magazine 
5a5d1c77e4b06ba572cf249a	511111300373	BIAGLUT
5cdacd63166eb33eb7ce0fa8	511111004790	Bitten Dressing
57ebc2dfe4b0ac389136a34a	511111401926	Tang
5332fa58e4b03c9a25efd214	511111603085	Edy's
5c7d9cb395144c337a3cbfbb	511111707202	Huggies
5a8c34d7e4b07f0a2dac8944	511111204152	Plum Organics
5fb805dbbe37ce522e165ccc	511111917557	The Glenlivet® Caribbean Reserve
5fb806b5be37ce522e165ccd	511111117568	The Glenlivet® Founder's Reserve
5fb807bebe37ce522e165cce	511111617570	The Glenlivet® 12 Year 
5bd200fc965c7d66d92731eb	511111204640	Goodnites
588ba1c8e4b02187f85cdae1	511111801030	Tassimo
5dc2d9d4a60b873d6b0666d2	511111206330	Dippin Dots® Cereal
5887a290e4b02187f85cdad7	511111701132	Stove Top
5fb82f4bbe37ce522e165ce7	511111417828	Brownberry
5f77274bbe37ce6b592e90ba	511111216704	test brand @1601644363663
5daf3eed1dda2c3e1416ae94	511111205944	Oui™ by Yoplait®
5a5d144ee4b0db471c2d041d	511111500452	Cerveza Aguila
5f4a7a5dbe37ce2d95e65ca0	511111616252	test brand @1598716507601
5332f7a7e4b03c9a25efd133	511111903574	Budweiser
5332f7b7e4b03c9a25efd144	511111103424	Budweiser Black Crown
5f628215be37ce78e6e2efae	511111916673	test brand @1600291349297
57e5823ce4b0ac389136a312	511111702221	Icehouse
5a021582e4b00efe02b02a56	511111900610	FDS
5a8c2eeee4b0ccf165fac9e2	511111204084	Bolthouse Farms
5a0218cae4b00efe02b02a59	511111100577	Q-TIPS
58861c7f4e8d0d20bc42c4fa	511111701293	Quaker Granola
588ba198e4b02187f85cdae0	511111001041	Hoffman's
5332fa80e4b03c9a25efd231	511111202882	Coca-Cola Cherry Zero
5db9f97f1dda2c3e1416aea2	511111606215	Fruit by the Foot™
5a5d28f1e4b0db471c2d0432	511111600121	Zumbida
5f441280be37ce5dbe9b7c81	511111515807	test brand @1598296704794
5332f79ee4b03c9a25efd131	511111103585	Cinnamon Toast Crunch
58861c7f4e8d0d20bc42c4fc	511111001270	Quaker Popped Crisps
5fd29590be37ce38bbbefb29	511111918080	test brand @1607636368759
57c08257e4b0718ff5fcb034	511111102496	Hoegaarden
58861c7f4e8d0d20bc42c4fe	511111301257	Quaker Real Medleys
5332f757e4b03c9a25efd114	511111303732	gardenburger
5afda5a6e4b03bf01c2a2968	511111304548	Krunches!
5fcda494be37ce688e08b0cd	511111017943	test brand @1607312532218
585a9661e4b03e62d1ce0e7d	511111401711	Funyuns
5ab15456e4b0be0a89bb0b06	511111904380	Campbell's Spaghettios
592486bde410d61fcea3d123	511111600916	BRUMMEL AND BROWN
5f35a0babe37ce6853cff202	511111315391	test brand @1597350074997
5f4a64ebbe37ce17d23b317d	511111916239	test brand @1598711019491
5f4bf53dbe37ce0b44915541	511111116318	test brand @1598813501461
5332fa08e4b03c9a25efd1d9	511111403128	Raisin Bran
5d66e07da3a018093ab3472d	511111205500	Sierra Mist
5f4cff24a475f1050a66b56b	511111016410	test brand @1598881572443
5f43faabbe37ce3ef3fd3718	511111015741	test brand @1598290603646
5f513ea1be37ce21f1287c05	511111616535	test brand @1599159969108
5332f769e4b03c9a25efd121	511111803676	Glaceau smartwater
5332f7afe4b03c9a25efd13c	511111703495	LandShark
5fb82f87be37ce522e165ce8	511111917830	Oroweat
5332f7a8e4b03c9a25efd135	511111403562	Bud Light
585a96eee4b03e62d1ce0e8c	511111701576	Rold Gold
60074277be37ce360be63a02	511111119838	test brand @1611088503815
5f872b80be37ce66db5dd979	511111717034	test brand @1602694015991
5f208daebe37ce7958c59521	511111815174	test brand @1595968942895
5ab1314de4b0915382df761a	511111104308	V8 Splash
5bd2016990fa074576779a18	511111404675	Kotex
5d64191ea3a018514994f42b	511111505082	Midwest Living
58863e28e4b02187f85cdacf	511111901211	Oscar Mayer Carving Board
5d66df24a3a018093ab3472b	511111405467	Ocean Spray Juices
5da608f61dda2c3e1416ae8e	511111305798	ONE A DAY® ESSENTIAL
57d95749e4b0ac389136a2b2	511111202394	Bagel Bites
5d658fca6d5f3b23d1bc7912	511111405184	Do It Yourself
57ebc2b7e4b0ac389136a347	511111601951	Polly-O
57ebbfa9e4b0ac389136a331	511111202165	Gevalia Iced Coffee
5a5d2c59e4b06ba572cf24a9	511111900054	Sunsilk
5887a051e4b02187f85cdad0	511111401209	Baker's
5ab1528ce4b0915382df761c	511111504344	Ecce Panis
5d66d6016d5f3b6188d4f047	511111405306	Do It Yourself Special Edition Magazine
5f21c54abe37ce7958c59528	511111315230	AIR WICK®
5332f7fde4b03c9a25efd168	511111903345	Hamm's Beer
57c08242e4b0718ff5fcb032	511111202516	Corona
5f5bc4f1be37ce17125ac0e9	511111716594	test brand @1599849713740
5332fa12e4b03c9a25efd1e6	511111703105	Bellatoria
5dc0351a1dda2c0ad7da64aa	511111306238	Monster's Cereal
5d66e2d46d5f3b6188d4f056	511111905523	Tazo Bottled Teas
5a0219ede4b00d6a5ccb394e	511111400554	TONI&GUY
5d66da306d5f3b6188d4f04c	511111005377	Modern Farmhouse Magazine
5d66dfe6a3a018093ab3472c	511111905479	Weight Watchers Special Edition Magazine 
5f3e9172be37ce5a0e01b955	511111715559	test brand @1597935986434
58b598dbe4b0857c2ddb7253	511111101017	Mickey's
57d95826e4b0ac389136a2b7	511111302346	Crystal Light
5a5d1bffe4b0db471c2d0423	511111000396	Coors Extra Gold
5fb82fe3be37ce522e165cea	511111617853	D'Italiano
5332fa75e4b03c9a25efd221	511111303015	DASANI
5f628215be37ce78e6e2efab	511111716648	test brand @1600291349042
585a96cbe4b03e62d1ce0e88	511111501619	Pepsi Max
5887a216e4b02187f85cdad5	511111401155	Claussen
5332f709e4b03c9a25efd0f2	511111403845	Blue Moon
5f77274dbe37ce6b592e90c0	511111116752	test brand @1601644365844
5dc1fca91dda2c0ad7da64ae	511111706328	Dippin Dots® Cereal
5f494c6e04db711dd8fe87e7	511111416173	test brand @1598639215217
5a021611e4b00efe02b02a57	511111400608	LIPTON TEA Leaves
6026d757be37ce6369301468	511111019930	test brand @1613158231643
