5ff1e1eb0a720f0523000575	2021-01-03 09:25:31	26.00	FINISHED	5
5ff1e1bb0a720f052300056b	2021-01-03 09:24:43	11.00	FINISHED	2
5ff1e1f10a720f052300057a	2021-01-03 09:25:37	10.00	REJECTED	1
5ff1e1ee0a7214ada100056f	2021-01-03 09:25:34	28.00	FINISHED	4
5ff1e1d20a7214ada1000561	2021-01-03 09:25:06	1.00	FINISHED	2
5ff1e1e40a7214ada1000566	2021-01-03 09:25:24	3.25	FINISHED	1
5ff1e1cd0a720f052300056f	2021-01-03 09:25:01	2.23	FINISHED	1
5ff1e1a40a720f0523000569	2021-01-03 09:24:20	10.00	FINISHED	1
5ff1e1ed0a7214ada100056e	2021-01-03 09:25:33	20.00	FINISHED	5
5ff1e1eb0a7214ada100056b	2021-01-03 09:25:31	20.00	FINISHED	3
5ff1e1c50a720f052300056c	2021-01-03 09:24:53	1.00	FINISHED	1
5ff1e1a10a720f0523000568	2021-01-03 09:24:17	50.00	FINISHED	5
5ff1e1b60a7214ada100055c	2021-01-03 09:24:38	290.00	FLAGGED	10
5f9c74f70a7214ad07000037	2020-10-30 15:17:59	1.00	REJECTED	11
5ff1e1b20a7214ada100055a	2021-01-03 09:24:34	1.00	FINISHED	1
5ff1e1e90a7214ada1000569	2021-01-03 09:25:29	0.00	FLAGGED	0
5ff1e1df0a7214ada1000564	2021-01-03 09:25:19	11.00	FINISHED	2
5ff1e1b40a7214ada100055b	2021-01-03 09:24:36	1.00	FLAGGED	1
5ff1e1eb0a720f0523000576	2021-01-03 09:25:31	26.00	FINISHED	2
5ff1e1c80a720f052300056d	2021-01-03 09:24:56	1.00	FINISHED	2
5f9c74f90a7214ad07000038	2020-10-30 15:18:01	14.00	FINISHED	6
5ff1e1960a720f0523000567	2021-01-03 09:24:06	1.00	FINISHED	1
5ff1e1ec0a7214ada100056c	2021-01-03 09:25:32	21.00	FINISHED	2
5ff1e1d70a720f0523000571	2021-01-03 09:25:11	2.00	FINISHED	2
5ff1e1c60a7214ada100055e	2021-01-03 09:24:54	1.00	FINISHED	2
5ff1e1ee0a7214ada1000570	2021-01-03 09:25:34	27.00	FINISHED	5
5ff1e1cf0a720f0523000570	2021-01-03 09:25:03	1.00	FINISHED	2
5ff1e1e10a720f0523000572	2021-01-03 09:25:21	1.00	FINISHED	1
5ff1e1d40a7214ada1000562	2021-01-03 09:25:08	3.00	REJECTED	3
5ff1e1ee0a720f0523000578	2021-01-03 09:25:34	27.00	FINISHED	4
5ff371030a7214ada10005a5	2021-01-04 13:48:19	10.00	FINISHED	10
5ff36dcc0a720f05230005b1	2021-01-04 13:34:36	0.99	FINISHED	1
5ff36c750a7214ada100058f	2021-01-04 13:28:53	89.91	FINISHED	9
5ff36d860a720f05230005a7	2021-01-04 13:33:26	1.00	FINISHED	1
5ff36d9f0a720f05230005ab	2021-01-04 13:33:51	1.00	FINISHED	1
5ff36adb0a720f0523000590	2021-01-04 13:22:03	49.95	FINISHED	5
5ff36da00a7214ada100059b	2021-01-04 13:33:52	1.00	FINISHED	1
5ff36dc40a7214ada100059f	2021-01-04 13:34:28	89.91	FINISHED	9
5ff3710b0a7214ada10005a7	2021-01-04 13:48:27	89.91	FINISHED	9
5ff36d780a7214ada1000593	2021-01-04 13:33:12	10.00	FINISHED	1
5ff371410a7214ada10005ba	2021-01-04 13:49:21	1.00	FINISHED	1
5ff36c8b0a720f05230005a1	2021-01-04 13:29:15	1.00	FINISHED	1
5ff36c550a7214ada1000588	2021-01-04 13:28:21	25.00	FINISHED	5
5ff36acb0a720f052300058d	2021-01-04 13:21:47	89.91	FINISHED	9
5ff371450a7214ada10005bd	2021-01-04 13:49:25	49.95	FINISHED	5
5ff36d9d0a720f05230005aa	2021-01-04 13:33:49	25.00	FINISHED	5
5ff36c590a7214ada1000589	2021-01-04 13:28:25	25.00	FINISHED	5
5ff29be20a7214ada1000571	2021-01-03 22:38:58	1.00	FINISHED	1
5ff3416f0a7214ada1000576	2021-01-04 10:25:19	28.57	FINISHED	1
5ff36c6d0a720f0523000597	2021-01-04 13:28:45	18.20	FINISHED	4
5ff36a830a7214ada100057b	2021-01-04 13:20:35	1.00	FINISHED	1
5ff36c570a720f0523000593	2021-01-04 13:28:23	10.00	FINISHED	1
5ff3713c0a7214ada10005b6	2021-01-04 13:49:16	10.00	FINISHED	1
5ff371130a7214ada10005aa	2021-01-04 13:48:35	0.99	FINISHED	1
5ff370f00a7214ada10005a3	2021-01-04 13:48:00	49.95	FINISHED	5
5ff371240a7214ada10005b3	2021-01-04 13:48:52	1.00	FINISHED	1
5ff36c8d0a7214ada1000591	2021-01-04 13:29:17	1.00	FINISHED	1
5ff36ad40a7214ada1000585	2021-01-04 13:21:56	0.99	FINISHED	1
5ff36dcb0a7214ada10005a0	2021-01-04 13:34:35	9.99	FINISHED	1
5ff3416d0a7214ada1000575	2021-01-04 10:25:17	28.57	FINISHED	1
5ff4ce430a7214ada10005d8	2021-01-05 14:38:27	25.00	FINISHED	4
5ff4ce400a7214ada10005d5	2021-01-05 14:38:24	27.00	FINISHED	5
5ff4a4ca0a7214ada10005d0	2021-01-05 11:41:30	34.96	REJECTED	2
5ff473de0a720f05230005bd	2021-01-05 08:12:46	1.00	FINISHED	1
5ff4ce8c0a7214ada10005e6	2021-01-05 14:39:40	1.00	FINISHED	1
5ff4ce3d0a7214ada10005d3	2021-01-05 14:38:21	29.00	FINISHED	2
5ff473b40a7214ada10005c5	2021-01-05 08:12:04	1.00	FINISHED	1
5ff473f30a720f05230005c0	2021-01-05 08:13:07	10.00	FINISHED	1
5ff4ce3a0a7214ada10005d2	2021-01-05 14:38:18	21.00	FINISHED	2
5ff473a90a7214ada10005c2	2021-01-05 08:11:53	25.00	FINISHED	5
5ff473b10a7214ada10005c4	2021-01-05 08:12:01	49.95	FINISHED	5
5ff475820a7214ada10005cf	2021-01-05 08:19:46	0	SUBMITTED	
5ff4ce550a7214ada10005db	2021-01-05 14:38:45	1.00	FINISHED	2
5ff4ce430a720f05230005c9	2021-01-05 14:38:27	29.00	FINISHED	1
5ff473d40a7214ada10005c9	2021-01-05 08:12:36	9.99	FINISHED	1
5ff4ce690a7214ada10005e2	2021-01-05 14:39:05	13.00	FLAGGED	5
5ff473f60a7214ada10005ce	2021-01-05 08:13:10	49.95	FINISHED	5
5ff473cf0a7214ada10005c8	2021-01-05 08:12:31	9.99	FINISHED	1
5fa5ad370a720f05ef000089	2020-11-06 14:08:23	291.00	FINISHED	11
5ff4ce650a7214ada10005e1	2021-01-05 14:39:01	1.00	FLAGGED	1
5ff473e40a7214ada10005cc	2021-01-05 08:12:52	1.00	FINISHED	1
5ff4ce3c0a720f05230005c4	2021-01-05 14:38:20	0.00	FLAGGED	0
5ff473d00a720f05230005bb	2021-01-05 08:12:32	0.99	FINISHED	1
5ff473b20a720f05230005b7	2021-01-05 08:12:02	49.95	FINISHED	5
5ff473ad0a7214ada10005c3	2021-01-05 08:11:57	1.00	FINISHED	1
5ff4ce640a7214ada10005e0	2021-01-05 14:39:00	1.00	FINISHED	1
5ff4ce3f0a720f05230005c6	2021-01-05 14:38:23	29.00	FINISHED	2
5ff4ce4e0a7214ada10005da	2021-01-05 14:38:38	1.00	FINISHED	2
5ff473bc0a720f05230005b8	2021-01-05 08:12:12	18.20	FINISHED	4
5ff4a80e0a720f05230005c2	2021-01-05 11:55:26	34.96	FINISHED	2
5ff5d1da0a7214ada10005f8	2021-01-06 09:06:02	1.00	FINISHED	1
5ff5d1d40a7214ada10005f4	2021-01-06 09:05:56	25.00	FINISHED	5
5ff5d1a00a7214ada10005ed	2021-01-06 09:05:04	1.00	FINISHED	1
5ff5ecb90a7214ada10005f9	2021-01-06 11:00:40	0	SUBMITTED	
5ff5d1e20a720f05230005da	2021-01-06 09:06:10	1.00	FINISHED	1
5ff5d1e10a720f05230005d9	2021-01-06 09:06:09	49.95	FINISHED	5
5ff5d1fd0a720f05230005de	2021-01-06 09:06:37	89.91	FINISHED	9
5ff5d1d80a7214ada10005f6	2021-01-06 09:06:00	25.00	FINISHED	5
5ff5d19d0a7214ada10005ec	2021-01-06 09:05:01	1.00	FINISHED	1
5ff5d1f20a720f05230005db	2021-01-06 09:06:26	18.20	FINISHED	4
5ff5d1dc0a720f05230005d6	2021-01-06 09:06:04	1.00	FINISHED	1
5ff5d1dd0a720f05230005d7	2021-01-06 09:06:05	49.95	FINISHED	5
5ff5d1a30a7214ada10005ef	2021-01-06 09:05:07	1.00	FINISHED	1
5ff5d20c0a720f05230005e3	2021-01-06 09:06:52	4.66	FINISHED	4
5ff5d1fa0a720f05230005dd	2021-01-06 09:06:34	4.66	FINISHED	4
5ff5d1d80a7214ada10005f7	2021-01-06 09:06:00	25.00	FINISHED	5
5ff5d1f40a720f05230005dc	2021-01-06 09:06:28	10.00	FINISHED	10
5ff5d2060a720f05230005e0	2021-01-06 09:06:46	9.99	FINISHED	1
5ff618e30a7214ada10005fa	2021-01-06 14:09:07	52.12	FINISHED	16
5ff5d2060a720f05230005e1	2021-01-06 09:06:46	0.99	FINISHED	1
5ff5d1df0a720f05230005d8	2021-01-06 09:06:07	49.95	FINISHED	5
5ff5d1990a7214ada10005ea	2021-01-06 09:04:57	1.00	FINISHED	1
5ff5d1d00a7214ada10005f2	2021-01-06 09:05:52	10.00	FINISHED	1
5ff5d1d60a7214ada10005f5	2021-01-06 09:05:58	10.00	FINISHED	1
5ff5d1940a7214ada10005e9	2021-01-06 09:04:52	1.00	FINISHED	1
5ff5d2030a720f05230005df	2021-01-06 09:06:43	9.99	FINISHED	1
5ff5d1a10a7214ada10005ee	2021-01-06 09:05:05	1.00	FINISHED	1
5ff5d19c0a7214ada10005eb	2021-01-06 09:05:00	1.00	FINISHED	1
5ff5d1cb0a7214ada10005f0	2021-01-06 09:05:47	49.95	FINISHED	5
5ff5d20b0a720f05230005e2	2021-01-06 09:06:51	9.99	FINISHED	1
5ff73be50a720f0523000608	2021-01-07 10:50:45	29.00	FINISHED	6
5ff7946f0a720f052300063c	2021-01-05 11:08:31	23.00	FINISHED	3
5ff726910a720f05230005f1	2021-01-07 09:19:45	25.00	FINISHED	4
5ff774200a7214ada1000638	2021-01-07 14:50:40	6.18	FINISHED	2
5ff74fd10a720f0523000619	2021-01-07 12:15:45	1.00	FINISHED	1
5ff73bdb0a720f0523000605	2021-01-07 10:50:35	10.00	FINISHED	1
5ff794940a720f0523000640	2021-01-05 11:09:08	23.00	FINISHED	3
5ff794020a720f0523000635	2021-01-05 23:06:42	1.00	FINISHED	1
5ff73beb0a7214ada100061c	2021-01-07 10:50:51	22.00	FINISHED	4
5ff794bf0a7214ada1000650	2021-01-06 17:09:51	1.00	FLAGGED	1
5ff74faf0a720f0523000613	2021-01-07 12:15:11	18.20	FINISHED	4
5ff7945a0a7214ada1000646	2021-01-05 11:08:10	27.00	FINISHED	4
5ff74ffe0a720f0523000621	2021-01-07 12:16:30	49.95	FINISHED	5
5ff726790a7214ada1000602	2021-01-07 09:19:21	1.00	FINISHED	2
5ff750050a7214ada1000633	2021-01-07 12:16:37	10.00	FINISHED	1
5ff74ffb0a720f0523000620	2021-01-07 12:16:27	1.00	FINISHED	1
5ff74ff50a720f052300061e	2021-01-07 12:16:21	1.00	FINISHED	1
5ff794640a720f052300063b	2021-01-05 11:08:20	21.00	FINISHED	2
5ff726810a720f05230005ea	2021-01-07 09:19:29	1.00	FINISHED	2
5ff73be10a7214ada1000619	2021-01-07 10:50:41	290.00	FLAGGED	10
5ff73bae0a720f0523000600	2021-01-07 10:49:50	1.00	FINISHED	2
5ff73be90a720f052300060a	2021-01-07 10:50:49	0.00	FLAGGED	0
5ff7265a0a7214ada10005fb	2021-01-07 09:18:50	1.00	FINISHED	1
5ff7942e0a720f0523000637	2021-01-05 17:07:26	1.00	FINISHED	2
5ff794600a7214ada1000647	2021-01-06 23:08:16	0.00	FLAGGED	0
5ff726a40a720f05230005fa	2021-01-07 09:20:04	13.00	FLAGGED	5
5ff794130a7214ada1000640	2021-01-05 17:06:59	1.00	FINISHED	2
5ff726640a720f05230005e6	2021-01-07 09:19:00	50.00	FINISHED	5
5ff793dd0a720f0523000633	2021-01-02 11:06:05	12.00	FLAGGED	4
5ff726860a720f05230005ec	2021-01-07 09:19:34	0	SUBMITTED	
5ff8da4e0a720f05c5000012	2021-01-08 16:18:54	3.25	FINISHED	1
5ff873de0a720f0523000648	2021-01-08 09:01:50	23.00	FINISHED	4
5ff8740c0a720f0523000659	2021-01-08 09:02:36	10.00	FINISHED	1
5ff8da4c0a720f05c5000011	2021-01-08 16:18:52	1.00	FLAGGED	1
5ff8da860a720f05c5000022	2021-01-08 16:19:50	11.00	FINISHED	2
5ff8da7c0a7214adca000020	2021-01-08 16:19:40	27.00	FINISHED	4
5ff8da650a7214adca00001e	2021-01-08 16:19:17	13.00	FLAGGED	5
5ff8da540a7214adca000017	2021-01-08 16:19:00	1.00	FINISHED	2
5ff873f10a720f052300064f	2021-01-08 09:02:09	290.00	FLAGGED	10
5ff874170a7214ada100065f	2021-01-08 09:02:47	10.00	FINISHED	1
5ff8da680a720f05c5000019	2021-01-08 16:19:20	1.00	FINISHED	1
5ff873e30a720f052300064c	2021-01-08 09:01:55	28.00	FINISHED	1
5ff8cea10a7214adca00000b	2021-01-06 15:29:05	1.00	FINISHED	2
5ff874050a7214ada100065d	2021-01-08 09:02:29	1.00	FINISHED	2
5ff8da620a7214adca00001d	2021-01-08 16:19:14	1.00	FLAGGED	1
5ff8da820a720f05c5000020	2021-01-08 16:19:46	20.00	FINISHED	2
5ff8da390a7214adca000013	2021-01-08 16:18:33	10.00	FINISHED	1
5ff873df0a7214ada1000652	2021-01-08 09:01:51	24.00	FINISHED	2
5ff8da7f0a7214adca000022	2021-01-08 16:19:43	26.00	FINISHED	4
5ff8da7f0a720f05c500001d	2021-01-08 16:19:43	20.00	FINISHED	5
5ff8da800a720f05c500001e	2021-01-08 16:19:43	28.00	FINISHED	2
5ff8c4fb0a7214adca000006	2021-01-08 14:47:55	10.00	FINISHED	1
5fa5b0ca0a720f05ef0000bf	2020-11-05 14:23:38	14.00	FINISHED	6
5ff873f90a720f0523000651	2021-01-08 09:02:17	1.00	FINISHED	1
5ff8c8880a7214adca000008	2021-01-08 15:03:04	6.18	FINISHED	2
5ff8da570a720f05c5000015	2021-01-08 16:19:03	0.00	REJECTED	0
5ff873d40a720f0523000644	2021-01-08 09:01:40	23.00	FINISHED	8
5ff8c3a20a7214adca000005	2021-01-08 14:42:10	10.00	FINISHED	1
5ff8da550a720f05c5000014	2021-01-08 16:19:01	1.00	FINISHED	2
5ff8da7d0a720f05c500001c	2021-01-08 16:19:41	0.00	FLAGGED	0
5ffc98b70a720f05c500003d	2021-01-11 02:28:07	3.09	FINISHED	1
5ffcb4d40a7214ad4e000017	2021-01-11 14:28:04	10.00	FINISHED	1
5ffc8ffc0a720f05c5000036	2021-01-11 11:50:52	20.00	FINISHED	1
5ffc9d8c0a7214adca000049	2021-01-11 12:48:44	1.00	FLAGGED	1
5ffc9da40a7214adca000050	2021-01-11 12:49:08	21.00	FINISHED	5
5ffc9daa0a7214adca000054	2021-01-11 12:49:14	10.00	FINISHED	1
5ffc8cc20a720f05c5000026	2021-01-11 01:37:06	3.09	FINISHED	1
5ffc9da10a720f05c5000043	2021-01-11 12:49:05	21.00	FINISHED	4
5ffcb4b90a720f051500000c	2021-01-11 14:27:37	22.00	FINISHED	5
5ffca2f30a720f05c5000054	2021-01-11 03:11:47	3.09	FINISHED	1
5ffcb4900a720f0515000002	2021-01-11 14:26:56	290.00	FLAGGED	10
5ffc8fa40a720f05c5000028	2021-01-11 11:49:24	1.00	FINISHED	2
5ffc92a20a7214adca000046	2021-01-11 02:02:10	3.09	FINISHED	1
5ffc8fe80a720f05c5000031	2021-01-11 11:50:32	1.00	FINISHED	1
5ffc9da10a7214adca00004d	2021-01-11 12:49:05	27.00	FINISHED	4
5ffc9dc60a7214adca00005a	2021-01-11 12:49:42	3.00	REJECTED	3
5ffcb48d0a7214ad4e000002	2021-01-11 14:26:53	1.00	FLAGGED	1
5ffc9da20a7214adca00004e	2021-01-11 12:49:06	29.00	FINISHED	4
5ffc8fa90a720f05c500002a	2021-01-11 11:49:29	2.23	FINISHED	1
5ffc9dd00a720f05c5000051	2021-01-11 12:49:52	1.00	FLAGGED	1
5ffcb4ad0a720f0515000009	2021-01-11 14:27:25	1.00	FINISHED	2
5ffcb4c10a7214ad4e000014	2021-01-11 14:27:45	20.00	FINISHED	3
5ffc9d9d0a720f05c5000042	2021-01-11 12:49:01	26.00	FINISHED	2
5ffc9d9c0a7214adca00004b	2021-01-11 12:49:00	10.00	REJECTED	1
5ffc8fa10a7214adca00002e	2021-01-11 11:49:21	1.00	FINISHED	2
5ffcb4c90a7214ad4e000016	2021-01-11 14:27:53	10.00	FINISHED	1
5ffc8cb40a720f05c5000025	2021-01-11 01:36:52	3.09	FINISHED	1
5ffcb4b80a7214ad4e00000d	2021-01-11 14:27:36	10.00	REJECTED	1
5ffcb4a20a720f0515000006	2021-01-11 14:27:14	1.00	FINISHED	2
5ffc8f990a7214adca00002d	2021-01-11 11:49:13	2.00	FINISHED	2
5ffe1cbe0a7214ad28002843	2021-01-12 16:03:42	28.57	PENDING	
5ffce7db0a720f051500236e	2021-01-11 18:05:47	28.57	PENDING	
5ffce8570a7214ad4e003e6f	2021-01-11 18:07:51	0	SUBMITTED	
5ffce8310a7214ad4e003797	2021-01-11 18:07:13	28.57	PENDING	
5ffe19d90a7214ad28000e62	2021-01-12 15:51:21	28.57	PENDING	
5ffe1d030a720f05ac002c9e	2021-01-12 16:04:51	28.57	PENDING	
5ffce8250a7214ad4e0034de	2021-01-11 18:07:00	0	SUBMITTED	
5ffcefb00a720f0515005e8d	2021-01-11 18:39:12	0	SUBMITTED	
5ffce76e0a720f0515000b48	2021-01-11 18:03:58	28.57	PENDING	
5ffe23560a720f05ac006874	2021-01-12 16:31:50	28.57	PENDING	
5ffe22a20a720f05ac0061d7	2021-01-12 16:28:50	28.57	PENDING	
5ffe1dc20a7214ad28003180	2021-01-12 16:08:02	28.57	PENDING	
5ffce88b0a7214ad4e004b22	2021-01-11 18:08:42	0	SUBMITTED	
5ffce7a70a720f05150016b0	2021-01-11 18:04:55	0	SUBMITTED	
5ffe1aa90a7214ad280015e8	2021-01-12 15:54:49	28.57	PENDING	
5ffcef5a0a720f0515004f1a	2021-01-11 18:37:46	28.57	PENDING	
5ffe23d70a7214ad280068f6	2021-01-12 16:33:59	28.57	PENDING	
5ffe18b10a7214ad280003d1	2021-01-12 15:46:25	28.57	PENDING	
5ffcef630a720f05150050ae	2021-01-11 18:37:55	28.57	PENDING	
5ffce7ae0a7214ad4e001851	2021-01-11 18:05:01	0	SUBMITTED	
5ffce8150a7214ad4e0030a3	2021-01-11 18:06:44	0	SUBMITTED	
5ffe20290a720f05ac004a84	2021-01-12 16:18:17	28.57	PENDING	
5ffe1c520a7214ad2800245c	2021-01-12 16:01:54	28.57	PENDING	
5ffe1b630a7214ad28001c79	2021-01-12 15:57:55	28.57	PENDING	
5ffce8250a720f0515003510	2021-01-11 18:07:01	0	SUBMITTED	
5ffe1fa40a7214ad2800427f	2021-01-12 16:16:04	28.57	PENDING	
5ffce78c0a7214ad4e001045	2021-01-11 18:04:27	0	SUBMITTED	
5ffe23cf0a720f05ac006cc2	2021-01-12 16:33:51	28.57	PENDING	
5ffcef570a720f0515004e91	2021-01-11 18:37:43	28.57	PENDING	
5ffce8000a7214ad4e002b57	2021-01-11 18:06:22	0	SUBMITTED	
5fff26c20a7214ad4c00000a	2021-01-13 10:58:42	29.00	FINISHED	2
5fff0f630a7214ad28006e2d	2021-01-13 09:18:59	0.99	FINISHED	1
5fff56370a720f05f3000033	2021-01-13 14:21:11	1.00	FINISHED	1
5fff4ca00a7214ad4c000029	2021-01-13 13:40:16	89.91	FINISHED	9
5fff26ee0a720f05f300001a	2021-01-13 10:59:26	1.00	FINISHED	1
5fff4c910a720f05f3000026	2021-01-13 13:40:01	49.95	FINISHED	5
5ffe17e20a720f05ac0000e7	2021-01-12 15:42:58	2.29	REJECTED	1
5fff561b0a720f05f300002e	2021-01-13 14:20:43	10.00	FINISHED	1
5fff26fd0a720f05f300001d	2021-01-13 10:59:41	1.00	FLAGGED	1
5fff26fb0a7214ad4c000019	2021-01-13 10:59:39	1.00	FINISHED	1
5fff564a0a7214ad4c000030	2021-01-13 14:21:30	1.00	FINISHED	1
5fff4c8e0a720f05f3000025	2021-01-13 13:39:58	1.00	FINISHED	1
5fff4c810a720f05f3000023	2021-01-13 13:39:45	10.00	FINISHED	1
5fff4c8a0a7214ad4c000025	2021-01-13 13:39:54	49.95	FINISHED	5
5fff4c8c0a7214ad4c000026	2021-01-13 13:39:56	49.95	FINISHED	5
5fff564d0a720f05f3000038	2021-01-13 14:21:33	49.95	FINISHED	5
5fff26cb0a7214ad4c00000e	2021-01-13 10:58:51	2.00	FINISHED	2
5fff4ca90a720f05f300002a	2021-01-13 13:40:25	0.99	FINISHED	1
5fff0f8c0a7214ad28006e32	2021-01-13 09:19:40	1.00	FINISHED	1
5fff26990a720f05f300000b	2021-01-13 10:58:01	50.00	FINISHED	5
5fff26c40a720f05f3000014	2021-01-13 10:58:44	22.00	FINISHED	3
5fff26d70a7214ad4c00000f	2021-01-13 10:59:03	1.00	FINISHED	2
5fff26c60a7214ad4c00000c	2021-01-13 10:58:46	22.00	FINISHED	1
5fff0f990a7214ad28006e36	2021-01-13 09:19:53	1.00	FINISHED	1
5fff566e0a720f05f300003f	2021-01-13 14:22:06	49.95	FINISHED	5
5fff26f10a7214ad4c000018	2021-01-13 10:59:29	290.00	FLAGGED	10
5fff4c710a7214ad4c00001d	2021-01-13 13:39:29	1.00	FINISHED	1
5fff562e0a720f05f300002f	2021-01-13 14:21:02	1.00	FINISHED	1
5fff4c960a720f05f3000027	2021-01-13 13:40:06	18.20	FINISHED	4
5fff4c7d0a720f05f3000022	2021-01-13 13:39:41	1.00	FINISHED	1
6000b8770a720f05f3000069	2021-01-14 15:32:39	1.00	FINISHED	1
6000d4b10a720f05f3000076	2021-01-14 17:33:05	21.00	FINISHED	3
6000b8840a720f05f300006c	2021-01-14 15:32:52	1.00	FINISHED	1
6000b8280a720f05f3000061	2021-01-14 15:31:20	49.95	FINISHED	5
6000b8810a7214ad4c00005e	2021-01-14 15:32:49	1.00	FINISHED	1
6000d48d0a7214ad4c000063	2021-01-14 17:32:29	50.00	FINISHED	5
6000d4b00a7214ad4c00006c	2021-01-14 17:33:04	20.00	FINISHED	1
6000d4d30a720f05f3000081	2021-01-14 17:33:39	3.00	REJECTED	3
6000b87d0a7214ad4c00005d	2021-01-14 15:32:45	1.00	FINISHED	1
6000b2be0a7214ad4c00004d	2021-01-14 15:08:14	84.78	FINISHED	21
6000c8460a720f05f300006f	2021-01-14 16:40:06	101.75	FINISHED	21
6000d4ae0a720f05f3000075	2021-01-14 17:33:02	20.00	FINISHED	4
6000d4aa0a720f05f3000072	2021-01-14 17:32:58	0.00	FLAGGED	0
6000b9b70a720f05f300006d	2021-01-14 15:37:59	90.36	FINISHED	21
600056de0a720f05f3000049	2021-01-14 08:36:14	2.00	FINISHED	2
6000b82f0a720f05f3000063	2021-01-14 15:31:27	49.95	FINISHED	5
6000accd0a7214ad4c00004b	2021-01-14 14:42:51	0	SUBMITTED	
6000d4810a720f05f3000070	2021-01-14 17:32:17	11.00	FINISHED	2
600057040a7214ad4c000041	2021-01-14 08:36:52	25.00	FINISHED	6
6000d4b50a720f05f3000078	2021-01-14 17:33:09	10.00	REJECTED	1
6000d4ba0a720f05f300007a	2021-01-14 17:33:14	1.00	FLAGGED	1
6000c74b0a7214ad4c000060	2021-01-14 16:35:53	0	SUBMITTED	
600056d60a720f05f3000047	2021-01-14 08:36:06	13.00	FLAGGED	5
6000d4900a7214ad4c000064	2021-01-14 17:32:32	10.00	FINISHED	1
6000d4bc0a7214ad4c000070	2021-01-14 17:33:16	290.00	FLAGGED	10
600082b40a720f05f3000058	2021-01-14 11:43:16	4.00	REJECTED	4
6000d4ac0a7214ad4c000069	2021-01-14 17:33:00	23.00	FINISHED	3
600056da0a720f05f3000048	2021-01-14 08:36:10	11.00	FINISHED	2
6000b8590a7214ad4c000057	2021-01-14 15:32:09	18.20	FINISHED	4
600056ea0a720f05f300004b	2021-01-14 08:36:26	1.00	FLAGGED	1
600205f60a7214ad4c00007b	2021-01-15 15:15:32	0	SUBMITTED	
600206000a720f05f3000087	2021-01-15 15:15:44	271.63	FINISHED	86
6001bb110a720f05f3000085	2021-01-15 09:56:01	0	SUBMITTED	
600208270a720f05f3000088	2021-01-15 15:24:55	427.81	FINISHED	103
6001e3a80a7214ad4c000078	2021-01-15 12:49:10	0	SUBMITTED	
600373700a720f05f3000091	2021-01-16 17:14:56	803.48	FINISHED	211
60023e8f0a720f05f300008b	2021-01-15 19:17:03	776.79	FINISHED	202
600247cd0a7214ad4c00007e	2021-01-15 19:56:29	0	SUBMITTED	
60025eb70a720f05f300008e	2021-01-15 21:34:15	0	SUBMITTED	
60020d2a0a720f05f300008a	2021-01-15 15:46:18	373.55	FINISHED	93
6002590c0a7214ad4c000082	2021-01-15 21:10:04	746.94	FINISHED	208
600254550a720f05f300008c	2021-01-15 20:49:57	0	SUBMITTED	
60024fa00a7214ad4c00007f	2021-01-15 20:29:52	0	SUBMITTED	
60025f550a7214ad4c000084	2021-01-15 21:36:53	0	SUBMITTED	
60025cb80a720f05f300008d	2021-01-15 21:25:44	1177.84	FINISHED	335
600370250a720f05f3000090	2021-01-16 17:00:53	850.49	FINISHED	240
6002584e0a7214ad4c000081	2021-01-15 21:06:54	30.65	FINISHED	6
60020af60a720f05f3000089	2021-01-15 15:36:54	3.99	FINISHED	1
600260210a720f05f300008f	2021-01-15 21:40:17	1043.18	FINISHED	309
600498e60a720f05f3000093	2021-01-17 14:07:02	0	SUBMITTED	
60037b500a7214ad4c000086	2021-01-16 17:48:32	118.05	FINISHED	39
6004a5f20a7214ad4c000088	2021-01-17 15:02:42	574.16	FINISHED	164
600496350a7214ad4c000087	2021-01-17 13:55:33	0	SUBMITTED	
60048e120a720f05f3000092	2021-01-17 13:20:50	0	SUBMITTED	
60049d9d0a720f05f3000094	2021-01-17 14:27:09	743.79	FINISHED	212
6005ee0e0a7214ad4c000089	2021-01-18 14:22:36	10.00	FLAGGED	2
6005b60f0a720f05f3000096	2021-01-18 10:23:41	0	SUBMITTED	
6004a99e0a720f05f3000095	2021-01-17 15:18:21	574.65	FINISHED	167
6005f5450a720f05f3000097	2021-01-18 14:53:23	0	SUBMITTED	
6001f2470a7214ad4c00007a	2021-01-15 13:51:35	1.00	FINISHED	1
60074bbf0a720f05fa000039	2021-01-19 15:14:39	10.00	FINISHED	1
600741fe0a7214ad89000001	2021-01-19 14:33:02	49.95	FINISHED	5
60074b8b0a7214ad89000029	2021-01-19 15:13:47	4.66	FINISHED	4
6007423c0a720f05fa000001	2021-01-19 14:34:04	1.00	FINISHED	1
600748640a720f05fa000026	2021-01-19 15:00:20	9.99	FINISHED	1
60074bbd0a7214ad89000031	2021-01-19 15:14:37	25.00	FINISHED	5
600746ce0a720f05fa000017	2021-01-19 14:53:34	1.00	FINISHED	1
6007425e0a720f05fa00000a	2021-01-19 14:34:38	1.00	FINISHED	1
60074b930a7214ad8900002d	2021-01-19 15:13:55	1.00	FINISHED	1
600746fb0a7214ad8900001b	2021-01-19 14:54:19	1.00	FINISHED	1
600742490a720f05fa000004	2021-01-19 14:34:17	25.00	FINISHED	5
60074bcb0a7214ad89000037	2021-01-19 15:14:51	1.00	FINISHED	1
6007424d0a720f05fa000006	2021-01-19 14:34:21	10.00	FINISHED	1
60074b900a7214ad8900002b	2021-01-19 15:13:52	1.00	FINISHED	1
60074bcc0a7214ad89000038	2021-01-19 15:14:52	49.95	FINISHED	5
600746fd0a720f05fa00001f	2021-01-19 14:54:21	1.00	FINISHED	1
6006f2d10a7214ad4c00008b	2021-01-19 08:55:13	30.57	FINISHED	14
600746ea0a720f05fa00001b	2021-01-19 14:54:02	4.66	FINISHED	4
600746d90a7214ad89000015	2021-01-19 14:53:45	4.66	FINISHED	4
600746c60a7214ad89000011	2021-01-19 14:53:26	1.00	FINISHED	1
600746cd0a7214ad89000013	2021-01-19 14:53:33	49.95	FINISHED	5
600742420a720f05fa000003	2021-01-19 14:34:10	1.00	FINISHED	1
600746c90a7214ad89000012	2021-01-19 14:53:29	49.95	FINISHED	5
600746c00a7214ad8900000f	2021-01-19 14:53:20	25.00	FINISHED	5
60074b8e0a7214ad8900002a	2021-01-19 15:13:50	1.00	FINISHED	1
60074b7d0a720f05fa000037	2021-01-19 15:13:33	89.91	FINISHED	9
60074b9a0a7214ad89000030	2021-01-19 15:14:02	1.00	FINISHED	1
60074b960a7214ad8900002e	2021-01-19 15:13:58	1.00	FINISHED	1
600746e80a7214ad89000017	2021-01-19 14:54:00	9.99	FINISHED	1
60074bc60a7214ad89000034	2021-01-19 15:14:46	49.95	FINISHED	5
60088a100a7214ad890000bd	2021-01-20 13:52:48	612.95	FINISHED	149
60088d5d0a7214ad890000ed	2021-01-20 14:06:53	21.00	FINISHED	1
600887560a720f05fa000098	2021-01-20 13:41:10	1.00	FINISHED	1
60088a4e0a720f05fa0000da	2021-01-20 13:53:50	20.00	FINISHED	1
60088e7f0a720f05fa00011e	2021-01-20 14:11:43	11.00	FINISHED	2
60083ab50a7214ad89000049	2021-01-20 08:14:13	9.99	FINISHED	1
60088a460a720f05fa0000d5	2021-01-20 13:53:42	28.00	FINISHED	3
600841da0a7214ad89000051	2021-01-20 08:44:42	4.66	FINISHED	4
60085ba90a720f05fa00006a	2021-01-20 10:34:49	49.95	FINISHED	5
6008878f0a7214ad8900007b	2021-01-20 13:42:07	3.00	REJECTED	3
6008625b0a7214ad89000063	2021-01-20 11:03:23	9.99	FINISHED	1
60088d920a720f05fa000109	2021-01-20 14:07:46	3.00	REJECTED	3
600887ae0a7214ad8900008a	2021-01-20 13:42:38	23.00	FINISHED	3
60088a490a720f05fa0000d6	2021-01-20 13:53:45	28.00	FINISHED	3
60088d580a7214ad890000eb	2021-01-20 14:06:48	26.00	FINISHED	7
600887770a7214ad89000075	2021-01-20 13:41:43	10.00	FINISHED	1
60088a4d0a7214ad890000c7	2021-01-20 13:53:49	22.00	FINISHED	3
60088d600a7214ad890000ef	2021-01-20 14:06:56	23.00	FINISHED	5
6008888f0a720f05fa0000b5	2021-01-20 13:46:23	1.00	FINISHED	2
60088a670a720f05fa0000e0	2021-01-20 13:54:15	1.00	FINISHED	2
600788cd0a7214ad8900003a	2021-01-19 19:35:09	2.99	FINISHED	1
60085bad0a720f05fa00006c	2021-01-20 10:34:53	49.95	FINISHED	5
60088e670a720f05fa00011d	2021-01-20 14:11:19	1.00	FINISHED	1
600887970a7214ad8900007c	2021-01-20 13:42:15	0	SUBMITTED	
60088a4a0a7214ad890000c5	2021-01-20 13:53:46	29.00	FINISHED	4
600862490a720f05fa000072	2021-01-20 11:03:05	10.00	FINISHED	10
60088af80a7214ad890000d6	2021-01-20 13:56:40	20.00	FINISHED	3
60088d5f0a720f05fa0000fc	2021-01-20 14:06:55	25.00	FINISHED	1
600862530a720f05fa000074	2021-01-20 11:03:15	89.91	FINISHED	9
60088aff0a7214ad890000da	2021-01-20 13:56:47	10.00	REJECTED	1
6008f2be0a720f05fa000129	2021-01-20 21:19:26	40.37	FINISHED	13
6009f5ea0a7214ada2000004	2021-01-21 15:45:14	163.94	FINISHED	32
6008ee0e0a7214ad89000125	2021-01-20 20:59:26	32.42	FINISHED	7
6009889f0a7214ad89000133	2021-01-21 07:58:55	49.95	FINISHED	5
6009f9000a7214ada2000005	2021-01-21 15:58:24	0	SUBMITTED	
600988a30a720f05fa000132	2021-01-21 07:58:59	49.95	FINISHED	5
6009eb000a7214ada2000003	2021-01-21 14:58:40	0.00	FINISHED	0
600992f90a720f05fa000133	2021-01-21 08:43:05	349.16	FINISHED	118
6009f5200a720f0535000005	2021-01-21 15:41:52	80.46	FINISHED	7
600988820a7214ad8900012b	2021-01-21 07:58:26	10.00	FINISHED	10
600988560a7214ad89000127	2021-01-21 07:57:42	1.00	FINISHED	1
6009889a0a720f05fa00012f	2021-01-21 07:58:50	25.00	FINISHED	5
6008f09d0a720f05fa000128	2021-01-20 21:10:21	58.76	FINISHED	14
6009885a0a7214ad89000129	2021-01-21 07:57:46	1.00	FINISHED	1
600988980a7214ad89000130	2021-01-21 07:58:48	10.00	FINISHED	1
600988900a7214ad8900012e	2021-01-21 07:58:40	9.99	FINISHED	1
6009a0b90a7214ada2000001	2021-01-21 09:41:45	28.34	FINISHED	10
60099c3c0a7214ad89000135	2021-01-21 09:22:36	1083.24	FINISHED	341
6008f3270a720f05fa00012a	2021-01-20 21:21:11	0.16	FLAGGED	1
6009e72c0a720f0535000003	2021-01-21 14:42:20	728.73	FINISHED	229
600988a10a720f05fa000131	2021-01-21 07:58:57	49.95	FINISHED	5
6009fd790a720f0535000006	2021-01-21 16:17:29	0	SUBMITTED	
600988870a7214ad8900012c	2021-01-21 07:58:31	4.66	FINISHED	4
6009889e0a720f05fa000130	2021-01-21 07:58:54	1.00	FINISHED	1
600988480a720f05fa00012b	2021-01-21 07:57:28	49.95	FINISHED	5
6009885c0a7214ad8900012a	2021-01-21 07:57:48	1.00	FINISHED	1
600988550a720f05fa00012e	2021-01-21 07:57:41	1.00	FINISHED	1
600988510a720f05fa00012c	2021-01-21 07:57:37	1.00	FINISHED	1
6008ea160a720f05fa000126	2021-01-20 20:42:30	0	SUBMITTED	
600996ac0a720f05fa000134	2021-01-21 08:58:52	1198.68	FINISHED	348
600b34ca0a7214ada200000c	2021-01-22 14:25:46	816.21	FINISHED	157
600b2dd60a7214ada200000b	2021-01-22 13:56:06	409.75	FINISHED	109
600affe60a7214ada2000009	2021-01-22 10:40:06	83.85	FINISHED	21
600a1a8d0a7214ada2000008	2021-01-21 18:21:32	1183.10	FINISHED	214
600aff160a720f053500000c	2021-01-22 10:36:38	0.00	FINISHED	0
600afbd90a720f053500000b	2021-01-22 10:22:49	769.40	FINISHED	122
600b420b0a7214ada200000d	2021-01-22 15:22:19	661.41	FINISHED	133
600af82f0a720f053500000a	2021-01-22 10:07:11	612.10	FINISHED	124
600b39f60a720f053500000e	2021-01-22 14:47:50	716.50	FINISHED	133
600b139e0a7214ada200000a	2021-01-22 12:04:13	935.14	FINISHED	159
600a1e270a720f0535000009	2021-01-21 18:36:55	944.15	FINISHED	196
600ba6ae0a7214ada2000010	2021-01-22 22:31:42	1107.82	FINISHED	136
600b89630a720f0535000011	2021-01-22 20:26:43	0	SUBMITTED	
600f41f60a7214ada2000037	2021-01-25 16:11:02	1.00	FINISHED	1
600ed4820a720f0535000015	2021-01-25 08:24:02	1.00	FINISHED	1
600ed47e0a7214ada2000014	2021-01-25 08:23:58	1.00	FINISHED	1
600ed49e0a7214ada200001b	2021-01-25 08:24:30	1.00	FINISHED	1
600f48940a720f0535000043	2021-01-25 16:39:16	1.00	FINISHED	1
600ed46b0a7214ada2000013	2021-01-25 08:23:39	4.66	FINISHED	4
600eda0c0a7214ada200001e	2021-01-25 08:47:40	847.28	FINISHED	137
600f41d90a720f0535000032	2021-01-25 16:10:33	10.00	FINISHED	1
600f01340a7214ada2000029	2021-01-25 11:34:44	49.95	FINISHED	5
600f42070a7214ada200003c	2021-01-25 16:11:19	49.95	FINISHED	5
600f48860a720f053500003f	2021-01-25 16:39:02	25.00	FINISHED	5
600f489d0a7214ada200004a	2021-01-25 16:39:25	1.00	FINISHED	1
600f014d0a7214ada200002d	2021-01-25 11:35:09	1.00	FINISHED	1
600f24970a720f053500002f	2021-01-25 14:05:43	4368.80	FLAGGED	599
600f0cc70a720f053500002c	2021-01-25 12:24:07	2084.82	FLAGGED	303
600f48750a7214ada2000041	2021-01-25 16:38:45	89.91	FINISHED	9
600f41e60a720f0535000033	2021-01-25 16:10:46	1.00	FINISHED	1
600ed4d90a7214ada200001c	2021-01-25 08:25:29	49.95	FINISHED	5
600f42050a7214ada200003b	2021-01-25 16:11:17	49.95	FINISHED	5
600ed4520a720f0535000012	2021-01-25 08:23:14	4.66	FINISHED	4
600f012c0a720f0535000025	2021-01-25 11:34:36	25.00	FINISHED	5
600f48900a720f0535000042	2021-01-25 16:39:12	1.00	FINISHED	1
600ed4910a7214ada2000018	2021-01-25 08:24:17	25.00	FINISHED	5
600f48880a7214ada2000044	2021-01-25 16:39:04	1.00	FINISHED	1
600f01310a7214ada2000027	2021-01-25 11:34:41	49.95	FINISHED	5
600f012a0a7214ada2000024	2021-01-25 11:34:34	10.00	FINISHED	1
600f485e0a720f053500003b	2021-01-25 16:38:22	49.95	FINISHED	5
600f41e40a7214ada2000033	2021-01-25 16:10:44	1.00	FINISHED	1
600f41fb0a720f0535000036	2021-01-25 16:11:07	1.00	FINISHED	1
600edb570a720f053500001d	2021-01-25 08:53:11	715.23	FINISHED	161
600fb2160a7214ada2000053	2021-01-26 00:09:26	25.00	FINISHED	5
600fb2030a7214ada2000050	2021-01-26 00:09:07	4.66	FINISHED	4
600fb1e90a720f0535000049	2021-01-26 00:08:41	1.00	FINISHED	1
600fb2170a720f053500004e	2021-01-26 00:09:27	1.00	FINISHED	1
600fb21f0a7214ada2000056	2021-01-26 00:09:35	1.00	FINISHED	1
60107e3b0a720f0535000051	2021-01-26 14:40:27	34.96	REJECTED	2
600f39c30a7214ada2000030	2021-01-25 15:36:03	4721.95	FINISHED	670
600fb2130a7214ada2000052	2021-01-26 00:09:23	10.00	FINISHED	1
600fb1e80a7214ada200004e	2021-01-26 00:08:40	1.00	FINISHED	1
600fb2190a7214ada2000054	2021-01-26 00:09:29	1.00	FINISHED	1
600fb1e60a720f0535000048	2021-01-26 00:08:38	1.00	FINISHED	1
60108a5b0a7214ada2000057	2021-01-26 15:32:11	34.96	REJECTED	2
600fb1e50a7214ada200004d	2021-01-26 00:08:37	1.00	FINISHED	1
600fb21a0a720f053500004f	2021-01-26 00:09:30	49.95	FINISHED	5
600fb2150a720f053500004d	2021-01-26 00:09:25	25.00	FINISHED	5
600fb1d80a7214ada200004b	2021-01-26 00:08:24	49.95	FINISHED	5
600fb2110a720f053500004c	2021-01-26 00:09:21	4.66	FINISHED	4
600fb1dc0a720f0535000046	2021-01-26 00:08:28	49.95	FINISHED	5
600fb21d0a720f0535000050	2021-01-26 00:09:33	49.95	FINISHED	5
600fb1ec0a7214ada200004f	2021-01-26 00:08:44	1.00	FINISHED	1
600fb1e00a7214ada200004c	2021-01-26 00:08:32	1.00	FINISHED	1
600fb2060a720f053500004b	2021-01-26 00:09:10	89.91	FINISHED	9
600fb21c0a7214ada2000055	2021-01-26 00:09:32	49.95	FINISHED	5
600fb1e20a720f0535000047	2021-01-26 00:08:34	1.00	FINISHED	1
600fb1fd0a720f053500004a	2021-01-26 00:09:01	10.00	FINISHED	10
600fb20b0a7214ada2000051	2021-01-26 00:09:15	9.99	FINISHED	1
6011f39c0a720f05350000b4	2021-01-27 17:13:32	1.00	FINISHED	2
6010bdfa0a7214ada200005a	2021-01-26 19:12:26	50.00	FINISHED	5
6010be200a7214ada200005e	2021-01-26 19:13:04	1.00	FINISHED	1
6011f3490a7214ada200010e	2021-01-27 17:12:09	11.00	FINISHED	2
60118c0f0a7214ada200007e	2021-01-27 09:51:43	21.00	FINISHED	4
60118bea0a720f0535000064	2021-01-27 09:51:06	3.25	FINISHED	1
60118c150a720f053500006d	2021-01-27 09:51:49	25.00	FINISHED	4
6010be3f0a7214ada2000063	2021-01-26 19:13:35	2.23	FINISHED	1
6010bdf60a7214ada2000059	2021-01-26 19:12:22	3.25	FINISHED	1
60118c3b0a7214ada2000089	2021-01-27 09:52:27	3.00	REJECTED	3
6010be5a0a720f053500005a	2021-01-26 19:14:02	1.00	FINISHED	1
6011f4380a720f05350000b9	2021-01-27 17:16:08	1.00	FLAGGED	1
6010be180a7214ada200005d	2021-01-26 19:12:56	1.00	FLAGGED	1
6010bdef0a720f0535000053	2021-01-26 19:12:15	1.00	FINISHED	1
6010bdfd0a720f0535000055	2021-01-26 19:12:29	10.00	FINISHED	1
6010be0a0a7214ada200005b	2021-01-26 19:12:42	10.00	FINISHED	1
5fa8d5790a7214adc30001c4	2020-11-08 23:36:57	14.00	FINISHED	6
60118bd30a720f0535000062	2021-01-27 09:50:43	11.00	FINISHED	2
6011f3390a720f05350000af	2021-01-27 17:11:53	29.00	FINISHED	1
6010be1c0a720f0535000057	2021-01-26 19:13:00	13.00	FLAGGED	5
60118c340a720f0535000073	2021-01-27 09:52:20	2.23	FINISHED	1
60118be80a7214ada2000075	2021-01-27 09:51:04	1.00	FLAGGED	1
6010be460a7214ada2000066	2021-01-26 19:13:42	3.00	REJECTED	3
6011f33a0a7214ada200010b	2021-01-27 17:11:54	20.00	FINISHED	1
60118be20a7214ada2000074	2021-01-27 09:50:58	1.00	FINISHED	1
6011f3360a7214ada2000109	2021-01-27 17:11:50	21.00	FINISHED	5
60118c0a0a720f0535000067	2021-01-27 09:51:38	28.00	FINISHED	6
60118bf90a7214ada2000079	2021-01-27 09:51:21	10.00	FINISHED	1
5fa8d5730a7214adc30001c3	2020-11-08 23:36:51	1.00	REJECTED	11
6010be6a0a720f053500005c	2021-01-26 19:14:18	22.00	FINISHED	4
6012e64e0a720f05f8000031	2021-01-28 10:29:02	84.00	FINISHED	4
6012e66c0a720f05f800004d	2021-01-28 10:29:32	84.00	FINISHED	4
6012e65b0a720f05f800003d	2021-01-28 10:29:15	84.00	FINISHED	4
6013410c0a7214ad5000002a	2021-01-28 16:56:12	84.00	FINISHED	4
601340ff0a7214ad50000024	2021-01-28 16:55:59	84.00	FINISHED	4
6012ea2d0a720f05f8000068	2021-01-28 10:45:33	29.98	FINISHED	2
60132b1f0a7214ad5000000c	2021-01-28 15:22:39	1.00	FINISHED	1
60132ae40a7214ad50000007	2021-01-28 15:21:40	10.00	FINISHED	1
60132aef0a720f05f800006d	2021-01-28 15:21:51	10.00	FINISHED	1
601341150a7214ad5000002e	2021-01-28 16:56:21	84.00	FINISHED	4
6012e6380a720f05f800001c	2021-01-28 10:28:40	84.00	FINISHED	4
6012e62d0a720f05f8000012	2021-01-28 10:28:29	84.00	FINISHED	4
601341040a7214ad50000026	2021-01-28 16:56:04	84.00	FINISHED	4
6012e64f0a720f05f8000032	2021-01-28 10:29:03	84.00	FINISHED	4
601340fc0a720f05f8000089	2021-01-28 16:55:56	84.00	FINISHED	4
60132b740a7214ad50000012	2021-01-28 15:24:04	1.00	FINISHED	2
6012e6430a720f05f8000026	2021-01-28 10:28:51	84.00	FINISHED	4
60132b860a720f05f8000075	2021-01-28 15:24:22	24.00	FINISHED	1
601341160a720f05f8000095	2021-01-28 16:56:22	84.00	FINISHED	4
6012e6750a720f05f8000055	2021-01-28 10:29:41	84.00	FINISHED	4
6012e6620a720f05f8000043	2021-01-28 10:29:22	84.00	FINISHED	4
6012e6840a720f05f8000063	2021-01-28 10:29:56	84.00	FINISHED	4
6012e6210a720f05f8000007	2021-01-28 10:28:17	84.00	FINISHED	4
6012e6710a720f05f8000051	2021-01-28 10:29:37	84.00	FINISHED	4
600f2fc80a720f0535000030	2021-01-25 14:53:28	4566.17	FINISHED	689
60132b890a7214ad50000013	2021-01-28 15:24:25	0.00	FLAGGED	0
6012e6850a720f05f8000064	2021-01-28 10:29:57	84.00	FINISHED	4
60132b960a720f05f800007a	2021-01-28 15:24:38	20.00	FINISHED	4
6012e6660a720f05f8000047	2021-01-28 10:29:26	84.00	FINISHED	4
6013410f0a720f05f8000092	2021-01-28 16:56:15	84.00	FINISHED	4
601443720a7214ad50000063	2021-01-29 11:18:42	1.00	FINISHED	1
601448f30a720f05f80000d9	2021-01-29 11:42:11	25.00	FINISHED	5
601431db0a720f05f80000a8	2021-01-29 10:03:39	1.00	FINISHED	2
601443600a7214ad50000060	2021-01-29 11:18:24	10.00	REJECTED	1
60145a3d0a7214ad50000082	2021-01-29 12:55:57	1.00	FINISHED	1
60144aee0a720f05f80000f1	2021-01-29 11:50:38	1.00	FINISHED	1
601431e40a7214ad50000041	2021-01-29 10:03:48	2.23	PENDING	
60147ba00a7214ad500000d3	2021-01-29 15:18:24	99.95	FINISHED	5
601487f80a720f05f800018d	2021-01-29 16:11:04	0	SUBMITTED	
601465b00a7214ad5000009f	2021-01-29 13:44:48	28.00	FINISHED	1
60145a540a720f05f8000116	2021-01-29 12:56:20	0.00	FLAGGED	0
601472e20a7214ad500000ce	2021-01-29 14:41:06	84.00	FINISHED	4
601442dd0a7214ad50000054	2021-01-29 11:16:13	1.00	FINISHED	1
601443310a720f05f80000c6	2021-01-29 11:17:37	10.00	FINISHED	1
60145a510a7214ad50000086	2021-01-29 12:56:17	10.00	REJECTED	1
60145a960a7214ad50000095	2021-01-29 12:57:25	1.00	FINISHED	2
601465f40a720f05f8000137	2021-01-29 13:45:56	10.00	FINISHED	1
60145a830a7214ad5000008f	2021-01-29 12:57:07	11.00	FINISHED	2
601432400a7214ad50000043	2021-01-29 10:05:20	1.00	FINISHED	1
601442570a7214ad5000004b	2021-01-29 11:13:59	1.00	FINISHED	1
601455a80a720f05f8000107	2021-01-29 12:36:24	1.00	FINISHED	2
601455820a720f05f80000fb	2021-01-29 12:35:46	10.00	REJECTED	1
6014323b0a720f05f80000b2	2021-01-29 10:05:15	11.00	FINISHED	2
601442710a720f05f80000bb	2021-01-29 11:14:25	25.00	FINISHED	5
6014435e0a720f05f80000d1	2021-01-29 11:18:22	28.00	FINISHED	1
60144adf0a720f05f80000ef	2021-01-29 11:50:23	10.00	FINISHED	1
601455900a720f05f8000102	2021-01-29 12:36:00	21.00	FINISHED	5
601448fe0a720f05f80000df	2021-01-29 11:42:22	1.00	FINISHED	1
601487e20a7214ad5000010d	2021-01-29 16:10:42	0	SUBMITTED	
60146fbd0a7214ad500000ba	2021-01-29 14:27:41	49.95	FINISHED	5
601510460a7214ad5000014a	2021-01-30 01:52:38	0	SUBMITTED	
60157c190a720f05f80001eb	2021-01-30 09:32:41	0	SUBMITTED	
6014aa550a720f05f800019b	2021-01-29 18:37:41	0	SUBMITTED	
60155a1b0a7214ad50000170	2021-01-30 07:07:39	0	SUBMITTED	
6015010b0a7214ad50000143	2021-01-30 00:47:39	0	SUBMITTED	
6015556b0a720f05f80001db	2021-01-30 06:47:39	0	SUBMITTED	
6015048f0a720f05f80001bf	2021-01-30 01:02:39	0	SUBMITTED	
601581f40a7214ad50000181	2021-01-30 09:57:40	0	SUBMITTED	
6014a4760a7214ad50000116	2021-01-29 18:12:38	0	SUBMITTED	
6015a06b0a7214ad5000018d	2021-01-30 12:07:39	0	SUBMITTED	
6015d9d80a720f05f8000219	2021-01-30 16:12:40	0	SUBMITTED	
6014e99b0a7214ad50000137	2021-01-29 23:07:39	0	SUBMITTED	
6014dde60a7214ad50000132	2021-01-29 22:17:42	0	SUBMITTED	
6015f2730a720f05f8000224	2021-01-30 17:57:39	0	SUBMITTED	
6015c13b0a720f05f800020e	2021-01-30 14:27:39	0	SUBMITTED	
6015d8ab0a720f05f8000218	2021-01-30 16:07:39	0	SUBMITTED	
6015a2c30a7214ad5000018e	2021-01-30 12:17:39	0	SUBMITTED	
6015268a0a7214ad50000155	2021-01-30 03:27:38	0	SUBMITTED	
6014f5520a720f05f80001ba	2021-01-29 23:57:38	0	SUBMITTED	
60150cc40a720f05f80001c3	2021-01-30 01:37:40	0	SUBMITTED	
6015d0780a720f05f8000214	2021-01-30 15:32:40	0	SUBMITTED	
6014d3560a720f05f80001ad	2021-01-29 21:32:38	0	SUBMITTED	
6014cfd30a7214ad5000012b	2021-01-29 21:17:39	0	SUBMITTED	
6015938d0a720f05f80001f6	2021-01-30 11:12:45	0	SUBMITTED	
601542ab0a720f05f80001d5	2021-01-30 05:27:39	0	SUBMITTED	
601561230a7214ad50000173	2021-01-30 07:37:39	0	SUBMITTED	
601551e70a7214ad5000016c	2021-01-30 06:32:39	0	SUBMITTED	
6015970b0a7214ad50000189	2021-01-30 11:27:39	0	SUBMITTED	
6015ca9c0a7214ad5000019c	2021-01-30 15:07:40	0	SUBMITTED	
6015637b0a7214ad50000175	2021-01-30 07:47:39	0	SUBMITTED	
6016560f0a7214ad500001dd	2021-01-31 01:02:39	0	SUBMITTED	
60171af00a7214ad50000229	2021-01-31 15:02:40	0	SUBMITTED	
601687480a720f05f800025b	2021-01-31 04:32:40	0	SUBMITTED	
6016acc60a720f05f800026e	2021-01-31 07:12:38	0	SUBMITTED	
60161ca50a7214ad500001be	2021-01-30 20:57:41	0	SUBMITTED	
6017082f0a720f05f800029b	2021-01-31 13:42:39	0	SUBMITTED	
60170e0c0a7214ad50000223	2021-01-31 14:07:40	0	SUBMITTED	
6016366a0a720f05f800023a	2021-01-30 22:47:38	0	SUBMITTED	
601602db0a7214ad500001b3	2021-01-30 19:07:39	0	SUBMITTED	
60173a940a7214ad50000235	2021-01-31 17:17:40	0	SUBMITTED	
6016d94f0a720f05f8000284	2021-01-31 10:22:39	0	SUBMITTED	
60169a070a720f05f8000264	2021-01-31 05:52:39	0	SUBMITTED	
6016e0570a720f05f8000289	2021-01-31 10:52:39	0	SUBMITTED	
601604070a7214ad500001b4	2021-01-30 19:12:39	0	SUBMITTED	
6017037e0a7214ad5000021f	2021-01-31 13:22:38	0	SUBMITTED	
60172b590a720f05f80002a9	2021-01-31 16:12:41	0	SUBMITTED	
6016dba70a720f05f8000285	2021-01-31 10:32:39	0	SUBMITTED	
6017419a0a7214ad50000239	2021-01-31 17:47:38	0	SUBMITTED	
601620270a7214ad500001c1	2021-01-30 21:12:39	0	SUBMITTED	
6016780d0a720f05f8000255	2021-01-31 03:27:41	0	SUBMITTED	
601617f20a720f05f8000232	2021-01-30 20:37:38	0	SUBMITTED	
6016df2c0a720f05f8000288	2021-01-31 10:47:40	0	SUBMITTED	
601729000a720f05f80002a8	2021-01-31 16:02:40	0	SUBMITTED	
601675b30a720f05f8000254	2021-01-31 03:17:39	0	SUBMITTED	
60166d7e0a7214ad500001e9	2021-01-31 02:42:38	0	SUBMITTED	
601711900a720f05f800029f	2021-01-31 14:22:40	0	SUBMITTED	
601721f90a720f05f80002a6	2021-01-31 15:32:41	0	SUBMITTED	
601697af0a720f05f8000263	2021-01-31 05:42:39	0	SUBMITTED	
6016bad70a7214ad50000205	2021-01-31 08:12:39	0	SUBMITTED	
60170bb30a720f05f800029d	2021-01-31 13:57:39	0	SUBMITTED	
601836c70a720f05f8000364	2021-02-01 11:13:43	23.00	FINISHED	2
6017707d0a720f05f80002c7	2021-01-31 21:07:41	0	SUBMITTED	
601485340a720f05f8000167	2021-01-29 15:59:16	20.99	FINISHED	1
601830cd0a720f05f800034f	2021-02-01 10:48:13	0.00	FLAGGED	0
601485370a720f05f8000172	2021-01-29 15:59:19	20.98	FINISHED	1
60182f290a720f05f800032f	2021-02-01 10:41:13	1.00	FINISHED	1
601868260a720f05f400000e	2021-02-01 14:44:22	0	SUBMITTED	
6017e6d70a7214ad5000027f	2021-02-01 05:32:39	0	SUBMITTED	
601795fa0a7214ad5000025b	2021-01-31 23:47:38	0	SUBMITTED	
601890c70a7214ad28000028	2021-02-01 17:37:43	1.00	FLAGGED	1
60183c850a7214ad50000308	2021-02-01 11:38:13	27.00	FINISHED	3
601830ce0a7214ad500002df	2021-02-01 10:48:14	28.00	FINISHED	5
60182f370a720f05f8000335	2021-02-01 10:41:27	1.00	FINISHED	2
60179e2e0a7214ad50000260	2021-02-01 00:22:38	0	SUBMITTED	
60175dba0a720f05f80002bf	2021-01-31 19:47:38	0	SUBMITTED	
60182d8c0a720f05f8000318	2021-02-01 10:34:20	1.00	FLAGGED	1
601747780a7214ad5000023b	2021-01-31 18:12:40	0	SUBMITTED	
60182f390a7214ad500002b8	2021-02-01 10:41:29	0.00	REJECTED	0
6018643e0a7214ad28000002	2021-02-01 14:27:42	0	SUBMITTED	
601830d30a7214ad500002e1	2021-02-01 10:48:19	29.00	FINISHED	4
6018369f0a7214ad500002f1	2021-02-01 11:13:03	1.00	FLAGGED	1
601830a70a7214ad500002d3	2021-02-01 10:47:35	3.00	REJECTED	3
6018682c0a720f05f4000011	2021-02-01 14:44:28	0	SUBMITTED	
60182f610a720f05f800033e	2021-02-01 10:42:09	1.00	FINISHED	1
601890b80a7214ad28000020	2021-02-01 17:37:28	25.00	FINISHED	4
601485370a720f05f8000175	2021-01-29 15:59:19	21.00	FINISHED	1
6017ab130a720f05f80002e0	2021-02-01 01:17:39	0	SUBMITTED	
601890d50a720f05f4000057	2021-02-01 17:37:57	10.00	FINISHED	1
6014853a0a7214ad50000106	2021-01-29 15:59:22	20.95	FINISHED	1
6017ff730a720f05f8000301	2021-02-01 07:17:39	0	SUBMITTED	
60189c850a7214ad28000034	2021-02-01 18:27:49	1.00	FLAGGED	1
60189ffe0a720f05f4000066	2021-02-01 18:42:38	0	SUBMITTED	
6018b92a0a7214ad2800005e	2021-02-01 20:30:02	0	SUBMITTED	
60189c980a7214ad28000040	2021-02-01 18:28:08	26.00	FINISHED	4
6018a95f0a7214ad28000056	2021-02-01 19:22:39	0	SUBMITTED	
6018b93c0a7214ad28000061	2021-02-01 20:30:20	0	SUBMITTED	
60189c9c0a7214ad28000045	2021-02-01 18:28:12	27.00	FINISHED	5
60189cc00a720f05f4000063	2021-02-01 18:28:48	50.00	FINISHED	5
6018b89c0a7214ad2800005d	2021-02-01 20:27:40	0	SUBMITTED	
60189c7b0a7214ad2800002e	2021-02-01 18:27:39	0	SUBMITTED	
60189c990a7214ad28000041	2021-02-01 18:28:09	21.00	FINISHED	4
6018a7070a7214ad28000055	2021-02-01 19:12:38	0	SUBMITTED	
60189c920a7214ad2800003a	2021-02-01 18:28:02	0.00	FLAGGED	0
5fb1bd510a7214ad890000e3	2020-11-15 17:44:17	1.00	REJECTED	11
60189ca00a7214ad28000048	2021-02-01 18:28:16	1.00	FINISHED	1
6018abb90a720f05f400006d	2021-02-01 19:32:41	0	SUBMITTED	
60189c750a720f05f400005d	2021-02-01 18:27:33	11.00	FINISHED	2
6018b1920a720f05f400006e	2021-02-01 19:57:38	0	SUBMITTED	
60189c900a7214ad28000038	2021-02-01 18:28:00	10.00	REJECTED	1
60189cc10a7214ad28000050	2021-02-01 18:28:49	10.00	FINISHED	1
6018ace50a7214ad28000057	2021-02-01 19:37:41	0	SUBMITTED	
60189c7d0a7214ad28000030	2021-02-01 18:27:41	1.00	FLAGGED	1
60189cae0a7214ad2800004f	2021-02-01 18:28:30	2.23	FINISHED	1
60189cb40a720f05f4000060	2021-02-01 18:28:36	3.00	REJECTED	3
6018a12c0a720f05f4000067	2021-02-01 18:47:39	0	SUBMITTED	
6018bd4b0a720f05f4000074	2021-02-01 20:47:39	0	SUBMITTED	
6018af3b0a7214ad28000059	2021-02-01 19:47:39	0	SUBMITTED	
60189cb60a720f05f4000061	2021-02-01 18:28:38	0	SUBMITTED	
60189cbe0a720f05f4000062	2021-02-01 18:28:46	11.00	FINISHED	2
5fb2da580a7214ad89000114	2020-11-16 14:00:24	1.00	REJECTED	11
601af3530a720f05f4000212	2021-02-03 13:02:43	0	SUBMITTED	
601aba020a7214ad280001d1	2021-02-03 08:58:10	0	SUBMITTED	
601a6c8d0a720f05f40001c4	2021-02-03 03:27:41	0	SUBMITTED	
601a59ce0a7214ad2800019b	2021-02-03 02:07:42	0	SUBMITTED	
601a23e60a7214ad28000187	2021-02-02 22:17:42	0	SUBMITTED	
601aaf5b0a720f05f40001dd	2021-02-03 08:12:43	0	SUBMITTED	
601b0bf00a720f05f400021b	2021-02-03 14:47:44	0	SUBMITTED	
601a2e730a720f05f40001a9	2021-02-02 23:02:43	0	SUBMITTED	
601a93390a720f05f40001d5	2021-02-03 06:12:41	0	SUBMITTED	
601b2c090a7214ad2800021a	2021-02-03 11:04:40	0	SUBMITTED	
601adab60a720f05f4000207	2021-02-03 11:17:42	0	SUBMITTED	
601a48390a720f05f40001b6	2021-02-03 00:52:41	0	SUBMITTED	
601a74c20a720f05f40001c8	2021-02-03 04:02:42	0	SUBMITTED	
601aaf580a7214ad280001ca	2021-02-03 08:12:40	25.00	FINISHED	5
601aaf7a0a720f05f40001e8	2021-02-03 08:13:14	9.99	FINISHED	1
601ab6630a720f05f40001eb	2021-02-03 08:42:43	0	SUBMITTED	
601ac1d80a720f05f40001fe	2021-02-03 09:31:36	1.00	FINISHED	1
601ab7900a720f05f40001ec	2021-02-03 08:47:44	0	SUBMITTED	
601a25110a7214ad28000188	2021-02-02 22:22:41	0	SUBMITTED	
601b14240a720f05f400021e	2021-02-03 15:22:44	0	SUBMITTED	
601a2d450a7214ad2800018b	2021-02-02 22:57:41	0	SUBMITTED	
601ae6710a720f05f400020c	2021-02-03 12:07:44	0	SUBMITTED	
601b32150a7214ad28000220	2021-02-03 17:30:29	0	SUBMITTED	
601af2280a7214ad28000209	2021-02-03 12:57:44	0	SUBMITTED	
601a5afc0a7214ad2800019c	2021-02-03 02:12:44	0	SUBMITTED	
601ad7310a720f05f4000206	2021-02-03 11:02:41	0	SUBMITTED	
601aaf710a720f05f40001e6	2021-02-03 08:13:05	4.66	FINISHED	4
601af5aa0a720f05f4000214	2021-02-03 13:12:42	0	SUBMITTED	
601b32160a7214ad28000221	2021-02-03 17:30:30	0.00	REJECTED	0
601af6d90a720f05f4000215	2021-02-03 13:17:45	0	SUBMITTED	
601c540f0a720f05f40002be	2021-02-04 14:07:43	0	SUBMITTED	
601c090e0a7214ad28000282	2021-02-04 08:47:41	0	SUBMITTED	
601c5d700a7214ad280002bc	2021-02-04 14:47:44	0	SUBMITTED	
601c702e0a7214ad280002e8	2021-02-04 16:07:42	0	SUBMITTED	
601c40230a720f05f40002b5	2021-02-04 12:42:43	0	SUBMITTED	
601c27870a720f05f400029e	2021-02-04 10:57:43	0	SUBMITTED	
601bd57e0a7214ad2800026d	2021-02-04 05:07:42	0	SUBMITTED	
601c68b50a720f05f40002c8	2021-02-04 15:35:49	1.00	FINISHED	2
601c87a00a7214ad280002f0	2021-02-04 17:47:44	0	SUBMITTED	
601bbf390a7214ad28000260	2021-02-04 03:32:41	0	SUBMITTED	
601bbbb50a720f05f400026a	2021-02-04 03:17:41	0	SUBMITTED	
601b85cc0a7214ad2800024b	2021-02-03 23:27:40	0	SUBMITTED	
601c68ce0a7214ad280002d6	2021-02-04 15:36:14	29.00	FINISHED	8
601c28b30a720f05f400029f	2021-02-04 11:02:43	0	SUBMITTED	
601b730f0a7214ad28000243	2021-02-03 22:07:43	0	SUBMITTED	
601b48df0a720f05f4000238	2021-02-03 19:07:43	0	SUBMITTED	
601c2c3a0a720f05f40002a2	2021-02-04 11:17:46	9.99	FINISHED	1
601bc2bd0a7214ad28000262	2021-02-04 03:47:41	0	SUBMITTED	
601b5cc90a7214ad2800023a	2021-02-03 20:32:41	0	SUBMITTED	
601be7120a720f05f400027a	2021-02-04 06:22:42	0	SUBMITTED	
601c2d630a7214ad280002a7	2021-02-04 11:22:43	0	SUBMITTED	
601c11410a720f05f400028e	2021-02-04 09:22:41	0	SUBMITTED	
601c2c540a720f05f40002a4	2021-02-04 11:18:12	10.00	FINISHED	1
601c265a0a720f05f400029d	2021-02-04 10:52:42	0	SUBMITTED	
601bdc850a720f05f4000276	2021-02-04 05:37:41	0	SUBMITTED	
601c5fc90a7214ad280002be	2021-02-04 14:57:45	0	SUBMITTED	
601c68c70a7214ad280002d2	2021-02-04 15:36:07	1.00	FLAGGED	1
601c80940a720f05f40002d9	2021-02-04 17:17:40	0	SUBMITTED	
601b43010a7214ad2800022c	2021-02-03 18:42:41	0	SUBMITTED	
601bd1fa0a7214ad2800026c	2021-02-04 04:52:42	0	SUBMITTED	
601d7c000a7214ad590002a1	2021-02-05 11:10:24	28.57	PENDING	
601d7c180a720f05540002fd	2021-02-05 11:10:48	28.57	PENDING	
601d77170a720f053c00000a	2021-02-05 10:49:27	28.57	PENDING	
601d7b8e0a720f0554000079	2021-02-05 11:08:30	28.57	PENDING	
601d7d580a7214ad59000928	2021-02-05 11:16:08	28.57	PENDING	
601d7cf90a720f055400070e	2021-02-05 11:14:33	28.57	PENDING	
601d77180a720f053c00000f	2021-02-05 10:49:28	28.57	PENDING	
601d7d540a720f05540008a6	2021-02-05 11:16:04	28.57	PENDING	
601d7ba00a720f05540000d2	2021-02-05 11:08:48	28.57	PENDING	
601d7bb60a7214ad59000141	2021-02-05 11:09:10	28.57	PENDING	
601d7cd30a720f0554000663	2021-02-05 11:13:55	28.57	PENDING	
601d7b730a720f0554000006	2021-02-05 11:08:03	28.57	PENDING	
601d7d340a7214ad5900086c	2021-02-05 11:15:32	28.57	PENDING	
601d7c1e0a720f055400031a	2021-02-05 11:10:54	28.57	PENDING	
601d83930a7214ad59000932	2021-02-05 11:42:42	0	SUBMITTED	
601d7c300a7214ad59000384	2021-02-05 11:11:12	28.57	PENDING	
601d7ca40a720f055400058b	2021-02-05 11:13:08	28.57	PENDING	
601d7b770a720f0554000016	2021-02-05 11:08:07	28.57	PENDING	
601d7bb60a720f055400013a	2021-02-05 11:09:10	28.57	PENDING	
601d7c7f0a7214ad590004f2	2021-02-05 11:12:31	28.57	PENDING	
601d7d2c0a720f05540007fa	2021-02-05 11:15:24	28.57	PENDING	
601d7d230a720f05540007ce	2021-02-05 11:15:15	28.57	PENDING	
601d7c500a720f0554000409	2021-02-05 11:11:44	28.57	PENDING	
601d02aa0a720f05f4000312	2021-02-05 02:32:42	0	SUBMITTED	
601d7c960a7214ad59000564	2021-02-05 11:12:54	28.57	PENDING	
601d75dd0a720f05a9000004	2021-02-05 10:44:13	28.57	PENDING	
601d7c480a720f05540003e0	2021-02-05 11:11:36	28.57	PENDING	
601d7c280a7214ad5900035c	2021-02-05 11:11:04	28.57	PENDING	
601d7cd50a7214ad5900069f	2021-02-05 11:13:57	28.57	PENDING	
601d7b840a720f055400004e	2021-02-05 11:08:20	28.57	PENDING	
601e911a0a720f053c000070	2021-02-06 06:52:42	0	SUBMITTED	
601e58da0a720f053c000050	2021-02-06 02:52:42	0	SUBMITTED	
601e71780a7214ad2500004f	2021-02-06 04:37:44	0	SUBMITTED	
601e7d2e0a720f053c000067	2021-02-06 05:27:42	0	SUBMITTED	
601ead690a720f053c000092	2021-02-06 08:53:29	4.66	FINISHED	4
601ed3e80a720f053c0000a5	2021-02-06 11:37:44	0	SUBMITTED	
601eae650a720f053c000093	2021-02-06 08:57:41	0	SUBMITTED	
601e63660a720f053c000055	2021-02-06 03:37:42	0	SUBMITTED	
601f190c0a720f053c0000c4	2021-02-06 16:32:44	0	SUBMITTED	
601e787e0a7214ad25000051	2021-02-06 05:07:42	0	SUBMITTED	
601ea1830a720f053c000079	2021-02-06 08:02:43	0	SUBMITTED	
601e0b830a720f053c00002e	2021-02-05 21:22:43	0	SUBMITTED	
601f09d10a720f053c0000bd	2021-02-06 15:27:45	0	SUBMITTED	
601efe190a720f053c0000b8	2021-02-06 14:37:45	0	SUBMITTED	
601ead5b0a720f053c00008f	2021-02-06 08:53:15	4.66	FINISHED	4
601e14e30a7214ad2500002e	2021-02-05 22:02:43	0	SUBMITTED	
601ed9c40a7214ad25000078	2021-02-06 12:02:44	0	SUBMITTED	
601e3b8f0a720f053c000043	2021-02-06 00:47:43	0	SUBMITTED	
601ddca40a7214ad25000019	2021-02-05 18:02:44	0	SUBMITTED	
601e9a7b0a720f053c000074	2021-02-06 07:32:43	0	SUBMITTED	
601eb8f30a720f053c000099	2021-02-06 09:42:42	0	SUBMITTED	
601e96f60a7214ad2500005c	2021-02-06 07:17:42	0	SUBMITTED	
601f29740a720f053c0000cc	2021-02-06 17:42:44	0	SUBMITTED	
601f1b660a720f053c0000c6	2021-02-06 16:42:46	0	SUBMITTED	
601e22f20a720f053c000039	2021-02-05 23:02:42	0	SUBMITTED	
601e173d0a720f053c000032	2021-02-05 22:12:45	0	SUBMITTED	
601e35b40a7214ad2500003c	2021-02-06 00:22:44	0	SUBMITTED	
601e128a0a7214ad2500002c	2021-02-05 21:52:42	0	SUBMITTED	
601f2bca0a7214ad2500009a	2021-02-06 17:52:42	0	SUBMITTED	
601e84360a720f053c000069	2021-02-06 05:57:42	0	SUBMITTED	
601f90920a720f053c0000f9	2021-02-07 01:02:42	0	SUBMITTED	
601f9c4a0a7214ad250000c8	2021-02-07 01:52:42	0	SUBMITTED	
60201adc0a7214ad250000ff	2021-02-07 10:52:44	0	SUBMITTED	
601f7b7a0a720f053c0000ee	2021-02-06 23:32:42	0	SUBMITTED	
601f98c60a720f053c0000fe	2021-02-07 01:37:42	0	SUBMITTED	
601f81560a720f053c0000f1	2021-02-06 23:57:42	0	SUBMITTED	
601f31a60a720f053c0000d0	2021-02-06 18:17:42	0	SUBMITTED	
60204ae80a7214ad25000111	2021-02-07 14:17:44	0	SUBMITTED	
6020776d0a7214ad25000120	2021-02-07 17:27:41	0	SUBMITTED	
601fee520a720f053c000120	2021-02-07 07:42:42	0	SUBMITTED	
601fdb920a7214ad250000e2	2021-02-07 06:22:42	0	SUBMITTED	
601ffa0a0a7214ad250000f2	2021-02-07 08:32:42	0	SUBMITTED	
602057ce0a720f053c000151	2021-02-07 15:12:46	0	SUBMITTED	
601fe3c80a7214ad250000e6	2021-02-07 06:57:44	0	SUBMITTED	
601f36570a7214ad2500009d	2021-02-06 18:37:43	0	SUBMITTED	
60205b510a7214ad25000117	2021-02-07 15:27:45	0	SUBMITTED	
601fda670a720f053c00011a	2021-02-07 06:17:43	0	SUBMITTED	
602067080a7214ad2500011c	2021-02-07 16:17:44	0	SUBMITTED	
601f8be40a7214ad250000c2	2021-02-07 00:42:44	0	SUBMITTED	
601f7f010a7214ad250000be	2021-02-06 23:47:45	0	SUBMITTED	
601f46bf0a7214ad250000a4	2021-02-06 19:47:43	0	SUBMITTED	
601fb3ba0a720f053c000109	2021-02-07 03:32:42	0	SUBMITTED	
601f38af0a720f053c0000d4	2021-02-06 18:47:43	0	SUBMITTED	
60202b430a7214ad25000103	2021-02-07 12:02:43	0	SUBMITTED	
601f35290a7214ad2500009c	2021-02-06 18:32:41	0	SUBMITTED	
601f4dc50a7214ad250000a9	2021-02-06 20:17:41	0	SUBMITTED	
602017570a720f053c000132	2021-02-07 10:37:43	0	SUBMITTED	
601f58540a7214ad250000ad	2021-02-06 21:02:44	0	SUBMITTED	
601fcd820a7214ad250000db	2021-02-07 05:22:42	0	SUBMITTED	
601f39db0a720f053c0000d5	2021-02-06 18:52:43	0	SUBMITTED	
6020e91a0a720f053c000196	2021-02-08 01:32:42	0	SUBMITTED	
60217b960a720f05a8000012	2021-02-08 11:57:42	0	SUBMITTED	
60207fa20a7214ad25000123	2021-02-07 18:02:42	0	SUBMITTED	
60219c670a720f05a8000028	2021-02-08 14:17:43	0	SUBMITTED	
6020eb730a720f053c000197	2021-02-08 01:42:43	0	SUBMITTED	
602181720a7214d8e9000034	2021-02-08 12:22:42	0	SUBMITTED	
6021c0bb0a7214d8e900004e	2021-02-08 16:52:43	0	SUBMITTED	
6020e46b0a720f053c000194	2021-02-08 01:12:43	0	SUBMITTED	
6020c84a0a720f053c000187	2021-02-07 23:12:42	0	SUBMITTED	
60216d880a7214d8e9000004	2021-02-08 10:57:44	0	SUBMITTED	
6020a2cd0a720f053c000175	2021-02-07 20:32:45	0	SUBMITTED	
60212be60a7214ad25000166	2021-02-08 06:17:42	0	SUBMITTED	
6020ac2a0a720f053c000177	2021-02-07 21:12:42	0	SUBMITTED	
6021c56a0a720f05a8000036	2021-02-08 17:12:42	0	SUBMITTED	
6020b4610a7214ad25000139	2021-02-07 21:47:45	0	SUBMITTED	
6020e0e50a720f053c000193	2021-02-08 00:57:41	0	SUBMITTED	
602175ba0a7214d8e9000007	2021-02-08 11:32:42	0	SUBMITTED	
60217f1b0a720f05a8000016	2021-02-08 12:12:43	0	SUBMITTED	
6020cbce0a7214ad25000140	2021-02-07 23:27:42	0	SUBMITTED	
6021804a0a720f05a8000019	2021-02-08 12:17:46	0	SUBMITTED	
602198e50a720f05a8000027	2021-02-08 14:02:45	0	SUBMITTED	
602145ae0a720f0573000007	2021-02-08 08:07:42	0	SUBMITTED	
602176c90a7214d8e9000028	2021-02-08 11:37:13	1.00	FINISHED	1
602116ce0a7214ad2500015e	2021-02-08 04:47:42	0	SUBMITTED	
6021ca1c0a720f05a8000039	2021-02-08 17:32:44	0	SUBMITTED	
6020faae0a7214ad25000152	2021-02-08 02:47:42	0	SUBMITTED	
602160a30a720f05c0000001	2021-02-08 10:02:43	0	PENDING	
6020a0720a720f053c000173	2021-02-07 20:22:42	0	SUBMITTED	
6020f0220a7214ad25000150	2021-02-08 02:02:42	0	SUBMITTED	
60214de60a720f057300000b	2021-02-08 08:42:46	0	SUBMITTED	
6021f05f0a720f05a8000062	2021-02-08 20:15:59	0	SUBMITTED	
6021d37b0a720f05a800003c	2021-02-08 18:12:43	0	SUBMITTED	
6021ed3c0a720f05a800005f	2021-02-08 20:02:36	0	SUBMITTED	
6022f4e60a7214d8e9000112	2021-02-09 14:47:34	0	SUBMITTED	
6021ed890a720f05a8000060	2021-02-08 20:03:53	0	SUBMITTED	
6022b0ef0a7214d8e90000f3	2021-02-09 09:57:35	0	SUBMITTED	
6022d8c90a720f05a80000e7	2021-02-09 12:47:37	0	SUBMITTED	
60231cbd0a720f05a8000108	2021-02-09 17:37:33	0	SUBMITTED	
60227c330a720f05a800009c	2021-02-09 06:12:35	0	SUBMITTED	
6021efe50a7214d8e9000081	2021-02-08 20:13:57	0	SUBMITTED	
6022e8000a720f05a80000ef	2021-02-09 13:52:32	0	SUBMITTED	
6022c1580a7214d8e90000ff	2021-02-09 11:07:36	0	SUBMITTED	
602213e70a720f05a8000071	2021-02-08 22:47:35	0	SUBMITTED	
6023216c0a720f05a800010a	2021-02-09 17:57:32	0	SUBMITTED	
6021d63a0a7214d8e9000058	2021-02-08 18:24:26	0	SUBMITTED	
60223a950a7214d8e90000a2	2021-02-09 01:32:37	0	SUBMITTED	
602299b40a720f05a80000bc	2021-02-09 08:18:28	1.00	FINISHED	2
602231350a7214d8e900009f	2021-02-09 00:52:37	0	SUBMITTED	
602299ad0a7214d8e90000d7	2021-02-09 08:18:21	1.00	FINISHED	1
6022d9f60a720f05a80000e8	2021-02-09 12:52:38	0	SUBMITTED	
602279db0a720f05a800009b	2021-02-09 06:02:35	0	SUBMITTED	
6022752b0a7214d8e90000be	2021-02-09 05:42:35	0	SUBMITTED	
602252050a7214d8e90000ae	2021-02-09 03:12:37	0	SUBMITTED	
6021ec5f0a720f05a800005d	2021-02-08 19:58:55	0	SUBMITTED	
6022c2820a720f05a80000dd	2021-02-09 11:12:34	0	SUBMITTED	
602202540a720f05a800006a	2021-02-08 21:32:36	0	SUBMITTED	
6022b6cb0a7214d8e90000f8	2021-02-09 10:22:35	0	SUBMITTED	
6022bb780a7214d8e90000fb	2021-02-09 10:42:32	0	SUBMITTED	
6021d8cf0a7214d8e900005c	2021-02-08 18:35:27	0	SUBMITTED	
602315b50a720f05a8000104	2021-02-09 17:07:33	0	SUBMITTED	
602344970a7214d8e900012f	2021-02-09 20:27:34	0	SUBMITTED	
6023e2c90a7214d8e9000175	2021-02-10 07:42:33	0	SUBMITTED	
602467370a720f05a80001b7	2021-02-10 17:07:34	0	SUBMITTED	
6024024b0a7214d8e900018d	2021-02-10 09:56:59	25.00	FINISHED	5
602367ba0a720f05a800012e	2021-02-09 22:57:30	0	SUBMITTED	
602438550a720f05a8000192	2021-02-10 13:47:32	0	SUBMITTED	
602345c20a7214d8e9000130	2021-02-09 20:32:34	0	SUBMITTED	
60233c5f0a720f05a8000119	2021-02-09 19:52:31	0	SUBMITTED	
602454340a720f05a80001ae	2021-02-10 15:46:28	5.88	FINISHED	2
6023a2530a720f05a8000144	2021-02-10 03:07:31	0	SUBMITTED	
60245dd50a720f05a80001b2	2021-02-10 16:27:33	0	SUBMITTED	
60244d6e0a7214d8e90001c9	2021-02-10 15:17:34	0	SUBMITTED	
6024024b0a7214d8e900018c	2021-02-10 09:56:59	25.00	FINISHED	5
602393180a720f05a800013d	2021-02-10 02:02:32	0	SUBMITTED	
6023bfa00a7214d8e9000168	2021-02-10 05:12:32	0	SUBMITTED	
602462850a720f05a80001b3	2021-02-10 16:47:33	0	SUBMITTED	
602429930a720f05a800018b	2021-02-10 12:44:35	49.95	FINISHED	5
602380580a7214d8e900014a	2021-02-10 00:42:32	0	SUBMITTED	
602402750a720f05a800016f	2021-02-10 09:57:41	49.95	FINISHED	5
602429640a720f05a8000187	2021-02-10 12:43:48	1.00	FINISHED	1
6023d0080a720f05a8000155	2021-02-10 06:22:32	0	SUBMITTED	
60243bdb0a720f05a80001a2	2021-02-10 14:02:35	0	SUBMITTED	
602460300a7214d8e90001d6	2021-02-10 16:37:36	0	SUBMITTED	
602331d70a720f05a8000113	2021-02-09 19:07:34	0	SUBMITTED	
60245f020a7214d8e90001d5	2021-02-10 16:32:34	0	SUBMITTED	
602427ec0a720f05a8000180	2021-02-10 12:37:32	0	SUBMITTED	
6023ee820a720f05a8000163	2021-02-10 08:32:34	0	SUBMITTED	
602439950a7214d8e90001c2	2021-02-10 13:52:53	1.00	FINISHED	1
602402600a7214d8e9000195	2021-02-10 09:57:20	4.66	FINISHED	4
6024397f0a720f05a8000199	2021-02-10 13:52:31	0	SUBMITTED	
60258c2b0a7214d8e900028f	2021-02-11 13:57:31	0	SUBMITTED	
602483540a7214d8e90001ea	2021-02-10 19:07:32	0	SUBMITTED	
602561fd0a7214d8e9000273	2021-02-11 10:57:33	0	SUBMITTED	
602566ae0a7214d8e900027b	2021-02-11 11:17:33	0	SUBMITTED	
60251e050a720f05a80001fc	2021-02-11 06:07:33	0	SUBMITTED	
60250b440a720f05a80001f5	2021-02-11 04:47:32	0	SUBMITTED	
602531f00a7214d8e900023e	2021-02-11 07:32:32	0	SUBMITTED	
6025a8580a720f05a8000270	2021-02-11 15:57:44	0	SUBMITTED	
602558b60a7214d8e9000266	2021-02-11 10:17:58	26.00	FINISHED	5
6025386a0a7214d8e9000241	2021-02-11 08:00:10	1.00	FINISHED	2
602569060a720f05a8000258	2021-02-11 11:27:34	0	SUBMITTED	
6024b5b70a720f05a80001d6	2021-02-10 22:42:31	0	SUBMITTED	
602538b30a7214d8e9000248	2021-02-11 08:01:23	10.00	FINISHED	1
6024f7570a7214d8e900021f	2021-02-11 03:22:31	0	SUBMITTED	
602585240a720f05a8000263	2021-02-11 13:27:32	0	SUBMITTED	
602552c10a7214d8e9000255	2021-02-11 09:52:33	0	SUBMITTED	
602538740a7214d8e9000246	2021-02-11 08:00:20	2.23	FINISHED	1
602538920a720f05a8000216	2021-02-11 08:00:50	20.00	FINISHED	5
6024f17d0a720f05a80001ee	2021-02-11 02:57:32	0	SUBMITTED	
6025b2e10a7214d8e90002a3	2021-02-11 16:42:41	0	SUBMITTED	
6025c21e0a7214d8e90002ad	2021-02-11 17:47:42	0	SUBMITTED	
6024aa030a720f05a80001d0	2021-02-10 21:52:35	0	SUBMITTED	
602573920a720f05a800025d	2021-02-11 12:12:34	0	SUBMITTED	
602581a10a720f05a8000262	2021-02-11 13:12:33	0	SUBMITTED	
6025263b0a720f05a80001ff	2021-02-11 06:42:35	0	SUBMITTED	
602558a90a720f05a8000240	2021-02-11 10:17:45	1.00	FINISHED	2
602515cf0a7214d8e9000231	2021-02-11 05:32:31	0	SUBMITTED	
602538960a720f05a800021b	2021-02-11 08:00:53	23.00	FINISHED	2
602558b40a7214d8e9000263	2021-02-11 10:17:56	26.00	FINISHED	2
6025495f0a720f05a8000231	2021-02-11 09:12:31	0	SUBMITTED	
6025fcb40a7214d8e90002c3	2021-02-11 21:57:40	0	SUBMITTED	
6026ef4b0a7214d8e9000349	2021-02-12 15:12:43	0	SUBMITTED	
60268cab0a7214d8e9000315	2021-02-12 08:11:55	11.00	FINISHED	2
602686ff0a7214d8e9000301	2021-02-12 07:47:43	0	SUBMITTED	
602623610a720f05a80002a2	2021-02-12 00:42:41	0	SUBMITTED	
60267a190a7214d8e90002fa	2021-02-12 06:52:41	0	SUBMITTED	
6026fc2f0a720f05a8000311	2021-02-12 16:07:43	0	SUBMITTED	
60267c710a720f05a80002c9	2021-02-12 07:02:41	0	SUBMITTED	
6025cf030a7214d8e90002b2	2021-02-11 18:42:43	0	SUBMITTED	
6026963b0a7214d8e900031a	2021-02-12 08:52:43	0	SUBMITTED	
6025fde20a720f05a8000294	2021-02-11 22:02:42	0	SUBMITTED	
6025dabc0a720f05a8000283	2021-02-11 19:32:44	0	SUBMITTED	
60263d290a7214d8e90002e3	2021-02-12 02:32:41	0	SUBMITTED	
602644300a720f05a80002af	2021-02-12 03:02:40	0	SUBMITTED	
6026f0780a720f05a800030c	2021-02-12 15:17:44	0	SUBMITTED	
60268caf0a720f05a80002e2	2021-02-12 08:11:59	1.00	FINISHED	1
60268c7e0a7214d8e9000309	2021-02-12 08:11:10	29.00	FINISHED	3
602671e50a720f05a80002c4	2021-02-12 06:17:41	0	SUBMITTED	
6026329d0a720f05a80002a7	2021-02-12 01:47:41	0	SUBMITTED	
60264b390a720f05a80002b0	2021-02-12 03:32:41	0	SUBMITTED	
60265f250a720f05a80002ba	2021-02-12 04:57:41	0	SUBMITTED	
60268c790a7214d8e9000306	2021-02-12 08:11:05	25.00	FINISHED	1
60267d9d0a7214d8e90002fb	2021-02-12 07:07:41	0	SUBMITTED	
6025f0fe0a720f05a800028f	2021-02-11 21:07:42	0	SUBMITTED	
602667590a7214d8e90002f3	2021-02-12 05:32:41	0	SUBMITTED	
6026c3f00a7214d8e9000337	2021-02-12 12:07:44	0	SUBMITTED	
6026f2cd0a7214d8e900034b	2021-02-12 15:27:41	0	SUBMITTED	
6026dc8a0a7214d8e9000343	2021-02-12 13:52:42	0	SUBMITTED	
6026b71f0a720f05a80002f0	2021-02-12 11:13:03	0	SUBMITTED	
6026ada90a720f05a80002ed	2021-02-12 10:32:41	0	SUBMITTED	
603983e20a7217c72c000138	2021-02-26 17:27:30	34.96	REJECTED	2
60393fef0a7217c72c0000ec	2021-02-26 12:37:35	0	SUBMITTED	
603908dd0a7217c72c0000d4	2021-02-26 08:42:37	0	SUBMITTED	
60395d3c0a7217c72c0000f9	2021-02-26 14:42:36	0	SUBMITTED	
603877bb0a720fde10000074	2021-02-25 22:23:23	0	SUBMITTED	
603882140a7217c72c00009c	2021-02-25 23:07:32	0	SUBMITTED	
603862720a720fde1000006b	2021-02-25 20:52:34	0	SUBMITTED	
6038e1020a720fde100000a4	2021-02-26 05:52:34	0	SUBMITTED	
60395c0e0a720fde100000d7	2021-02-26 14:37:34	0	SUBMITTED	
603989c30a720fde10000111	2021-02-26 17:52:35	0	SUBMITTED	
603973f80a720fde100000e3	2021-02-26 16:19:36	34.96	REJECTED	2
60392f870a7217c72c0000e7	2021-02-26 11:27:35	0	SUBMITTED	
603905540a720fde100000b3	2021-02-26 08:27:32	0	SUBMITTED	
60394dff0a720fde100000d1	2021-02-26 13:37:35	0	SUBMITTED	
60392d2d0a720fde100000c1	2021-02-26 11:17:33	0	SUBMITTED	
60397f340a7217c72c000133	2021-02-26 17:07:32	0	SUBMITTED	
603978600a7217c72c00010b	2021-02-26 16:38:24	25.58	REJECTED	2
6038a5400a720fde10000088	2021-02-26 01:37:35	0	SUBMITTED	
60391f210a7217c72c0000de	2021-02-26 10:17:37	0	SUBMITTED	
60386aa50a7217c72c000091	2021-02-25 21:27:33	0	SUBMITTED	
6038e4840a720fde100000a6	2021-02-26 06:07:32	0	SUBMITTED	
6038dd7c0a7217c72c0000c0	2021-02-26 05:37:32	0	SUBMITTED	
603977e70a720fde100000e8	2021-02-26 16:36:23	3.99	FINISHED	1
6038f2950a7217c72c0000ca	2021-02-26 07:07:33	0	SUBMITTED	
603900a60a720fde100000b1	2021-02-26 08:07:34	0	SUBMITTED	
603946f60a720fde100000ce	2021-02-26 13:07:34	0	SUBMITTED	
603943720a7217c72c0000ed	2021-02-26 12:52:34	0	SUBMITTED	
60390eb50a720fde100000b7	2021-02-26 09:07:33	0	SUBMITTED	
6039575d0a7217c72c0000f7	2021-02-26 14:17:33	0	SUBMITTED	
6038cabd0a720fde1000009c	2021-02-26 04:17:33	0	SUBMITTED	
603a2a470a720fde10000197	2021-02-27 05:17:27	34.96	REJECTED	2
603a327b0a7217c72c0001d1	2021-02-27 05:52:27	34.96	REJECTED	2
603a81090a720fde100001e0	2021-02-27 11:27:37	0	SUBMITTED	
603a54770a720fde100001bd	2021-02-27 08:17:27	34.96	REJECTED	2
6039fa430a720fde10000174	2021-02-27 01:52:35	0	SUBMITTED	
603a466f0a720fde100001ae	2021-02-27 07:17:35	0	SUBMITTED	
6039f3340a720fde1000016f	2021-02-27 01:22:28	34.96	REJECTED	2
603996a70a7217c72c000145	2021-02-26 18:47:35	0	SUBMITTED	
603a097e0a720fde10000180	2021-02-27 02:57:34	0	SUBMITTED	
6039be770a720fde10000143	2021-02-26 21:37:27	34.96	REJECTED	2
603a479d0a7217c72c0001e7	2021-02-27 07:22:37	0	SUBMITTED	
6039d4bc0a7217c72c000184	2021-02-26 23:12:28	34.96	REJECTED	2
603a001e0a7217c72c0001a0	2021-02-27 02:17:34	0	SUBMITTED	
603a398a0a7217c72c0001da	2021-02-27 06:22:34	0	SUBMITTED	
6039b8a20a7217c72c000164	2021-02-26 21:12:34	0	SUBMITTED	
603997d20a720fde10000124	2021-02-26 18:52:34	0	SUBMITTED	
603a16620a7217c72c0001b8	2021-02-27 03:52:34	0	SUBMITTED	
603a90430a7217c72c000226	2021-02-27 12:32:35	0	SUBMITTED	
603995740a720fde10000120	2021-02-26 18:42:28	34.96	REJECTED	2
603a698f0a720fde100001d1	2021-02-27 09:47:27	34.96	REJECTED	2
603ac2a60a720fde10000217	2021-02-27 16:07:34	0	SUBMITTED	
603a86df0a720fde100001e3	2021-02-27 11:52:31	34.96	REJECTED	2
603aa55a0a7217c72c000233	2021-02-27 14:02:34	0	SUBMITTED	
6039f7e30a7217c72c00019a	2021-02-27 01:42:27	34.96	REJECTED	2
603a72f60a7217c72c000206	2021-02-27 10:27:34	0	SUBMITTED	
603a70a10a720fde100001d9	2021-02-27 10:17:37	0	SUBMITTED	
603aab2f0a7217c72c00023a	2021-02-27 14:27:27	34.96	REJECTED	2
603abdf60a7217c72c00024d	2021-02-27 15:47:34	0	SUBMITTED	
603a85b70a720fde100001e2	2021-02-27 11:47:35	0	SUBMITTED	
603a221b0a7217c72c0001c1	2021-02-27 04:42:35	0	SUBMITTED	
603b9a3f0a720fde100002d3	2021-02-28 07:27:27	34.96	REJECTED	2
603b991b0a720fde100002d2	2021-02-28 07:22:35	0	SUBMITTED	
603bf0fe0a7217c72c00034f	2021-02-28 13:37:34	0	SUBMITTED	
603b7bcf0a7217c72c0002ec	2021-02-28 05:17:35	0	SUBMITTED	
603af1800a7217c72c00027b	2021-02-27 19:27:28	34.96	REJECTED	2
603c25b30a720fde1000035b	2021-02-28 17:22:27	34.96	REJECTED	2
603b18350a7217c72c00029e	2021-02-27 22:12:37	0	SUBMITTED	
603b7e260a720fde100002b8	2021-02-28 05:27:34	0	SUBMITTED	
603af05c0a7217c72c00027a	2021-02-27 19:22:36	0	SUBMITTED	
603b2c1a0a7217c72c0002a9	2021-02-27 23:37:30	34.96	REJECTED	2
603bd1570a7217c72c000337	2021-02-28 11:22:31	34.96	REJECTED	2
603bcdd00a7217c72c000335	2021-02-28 11:07:28	34.96	REJECTED	2
603b0b4a0a720fde1000024e	2021-02-27 21:17:30	34.96	REJECTED	2
603af7660a7217c72c000280	2021-02-27 19:52:38	0	SUBMITTED	
603b1a8c0a720fde1000025d	2021-02-27 22:22:36	0	SUBMITTED	
603bdbe10a7217c72c00033e	2021-02-28 12:07:29	34.96	REJECTED	2
603b77170a7217c72c0002e6	2021-02-28 04:57:27	34.96	REJECTED	2
603b4f3f0a7217c72c0002c9	2021-02-28 02:07:27	34.96	REJECTED	2
603c0ac20a7217c72c00035c	2021-02-28 15:27:30	34.96	REJECTED	2
603b37d80a7217c72c0002b3	2021-02-28 00:27:36	0	SUBMITTED	
603bf4830a720fde10000320	2021-02-28 13:52:35	0	SUBMITTED	
603afc0e0a720fde10000243	2021-02-27 20:12:30	34.96	REJECTED	2
603b26430a720fde1000026c	2021-02-27 23:12:35	0	SUBMITTED	
603adfeb0a7217c72c000265	2021-02-27 18:12:27	34.96	REJECTED	2
603add9a0a7217c72c000263	2021-02-27 18:02:34	0	SUBMITTED	
603babdb0a720fde100002e1	2021-02-28 08:42:35	0	SUBMITTED	
603b45e90a7217c72c0002c2	2021-02-28 01:27:37	0	SUBMITTED	
603bf8070a7217c72c000354	2021-02-28 14:07:35	0	SUBMITTED	
603af1870a720fde1000023c	2021-02-27 19:27:35	0	SUBMITTED	
603aeba50a7217c72c000272	2021-02-27 19:02:29	34.96	REJECTED	2
603cbbb50a720fde100003e3	2021-03-01 04:02:29	34.96	REJECTED	2
603cadab0a720fde100003d6	2021-03-01 03:02:35	0	SUBMITTED	
603c8cdf0a7217c72c0003bb	2021-03-01 00:42:39	0	SUBMITTED	
603d30e60a7217c72c00043f	2021-03-01 12:22:30	34.96	REJECTED	2
603c65060a720fde10000395	2021-02-28 21:52:38	0	SUBMITTED	
603d5d6c0a7217c72c000463	2021-03-01 15:32:28	34.96	REJECTED	2
603d760e0a720fde1000048e	2021-03-01 17:17:34	0	SUBMITTED	
603d59e70a7217c72c00045f	2021-03-01 15:17:27	34.96	REJECTED	2
603c5ba30a720fde1000038d	2021-02-28 21:12:35	0	SUBMITTED	
603c51160a7217c72c00038b	2021-02-28 20:27:34	0	SUBMITTED	
603d40250a720fde10000459	2021-03-01 13:27:33	34.96	REJECTED	2
603c88240a7217c72c0003b8	2021-03-01 00:22:28	34.96	REJECTED	2
603cba880a7217c72c0003e0	2021-03-01 03:57:28	34.96	REJECTED	2
603cd4570a7217c72c0003f5	2021-03-01 05:47:35	0	SUBMITTED	
603cd57d0a7217c72c0003f6	2021-03-01 05:52:29	34.96	REJECTED	2
603cf2ce0a7217c72c000413	2021-03-01 07:57:34	0	SUBMITTED	
603cac7d0a7217c72c0003d7	2021-03-01 02:57:33	0	SUBMITTED	
603c7c6c0a7217c72c0003b3	2021-02-28 23:32:28	34.96	REJECTED	2
603d28b60a720fde10000445	2021-03-01 11:47:34	0	SUBMITTED	
603ca44a0a720fde100003d0	2021-03-01 02:22:34	0	SUBMITTED	
603c4a0e0a720fde10000380	2021-02-28 19:57:34	0	SUBMITTED	
603c6adf0a720fde1000039a	2021-02-28 22:17:35	0	SUBMITTED	
603c9e6e0a720fde100003c7	2021-03-01 01:57:34	0	SUBMITTED	
603c3d240a720fde10000373	2021-02-28 19:02:28	34.96	REJECTED	2
603cc2bc0a720fde100003e9	2021-03-01 04:32:28	34.96	REJECTED	2
603cc0630a720fde100003e6	2021-03-01 04:22:27	34.96	REJECTED	2
603d0b710a720fde1000042a	2021-03-01 09:42:41	0	SUBMITTED	
603cf5290a720fde10000413	2021-03-01 08:07:37	0	SUBMITTED	
603ce7100a7217c72c000405	2021-03-01 07:07:28	34.96	REJECTED	2
603c4fea0a7217c72c000389	2021-02-28 20:22:34	0	SUBMITTED	
